business_unit,period,scenario,source_metric,amount_millions,management_category,metric_type
Capital Markets,2025-04-30,Actual,Advisory Fee,2.261,Fee / Noninterest Income,Revenue
Capital Markets,2025-04-30,Actual,Operating Expense,3.624,Operating Expense,Expense
Capital Markets,2025-04-30,Actual,Structuring Fee,0.77,Fee / Noninterest Income,Revenue
Capital Markets,2025-04-30,Actual,Syndication Fee,0.65,Fee / Noninterest Income,Revenue
Capital Markets,2025-04-30,Actual,Trading Revenue,1.982,Trading Revenue,Revenue
Capital Markets,2025-04-30,Actual,Underwriting Revenue,2.651,Fee / Noninterest Income,Revenue
Capital Markets,2025-04-30,Budget,Advisory Fee,2.213,Fee / Noninterest Income,Revenue
Capital Markets,2025-04-30,Budget,Operating Expense,3.603,Operating Expense,Expense
Capital Markets,2025-04-30,Budget,Structuring Fee,0.766,Fee / Noninterest Income,Revenue
Capital Markets,2025-04-30,Budget,Syndication Fee,0.639,Fee / Noninterest Income,Revenue
Capital Markets,2025-04-30,Budget,Trading Revenue,1.973,Trading Revenue,Revenue
Capital Markets,2025-04-30,Budget,Underwriting Revenue,2.598,Fee / Noninterest Income,Revenue
Capital Markets,2025-04-30,Forecast,Advisory Fee,2.253,Fee / Noninterest Income,Revenue
Capital Markets,2025-04-30,Forecast,Operating Expense,3.641,Operating Expense,Expense
Capital Markets,2025-04-30,Forecast,Structuring Fee,0.774,Fee / Noninterest Income,Revenue
Capital Markets,2025-04-30,Forecast,Syndication Fee,0.656,Fee / Noninterest Income,Revenue
Capital Markets,2025-04-30,Forecast,Trading Revenue,1.994,Trading Revenue,Revenue
Capital Markets,2025-04-30,Forecast,Underwriting Revenue,2.622,Fee / Noninterest Income,Revenue
Capital Markets,2025-04-30,Prior Year,Advisory Fee,2.095,Fee / Noninterest Income,Revenue
Capital Markets,2025-04-30,Prior Year,Operating Expense,3.369,Operating Expense,Expense
Capital Markets,2025-04-30,Prior Year,Structuring Fee,0.719,Fee / Noninterest Income,Revenue
Capital Markets,2025-04-30,Prior Year,Syndication Fee,0.608,Fee / Noninterest Income,Revenue
Capital Markets,2025-04-30,Prior Year,Trading Revenue,1.86,Trading Revenue,Revenue
Capital Markets,2025-04-30,Prior Year,Underwriting Revenue,2.462,Fee / Noninterest Income,Revenue
Capital Markets,2025-05-31,Actual,Advisory Fee,2.215,Fee / Noninterest Income,Revenue
Capital Markets,2025-05-31,Actual,Operating Expense,3.55,Operating Expense,Expense
Capital Markets,2025-05-31,Actual,Structuring Fee,0.758,Fee / Noninterest Income,Revenue
Capital Markets,2025-05-31,Actual,Syndication Fee,0.63,Fee / Noninterest Income,Revenue
Capital Markets,2025-05-31,Actual,Trading Revenue,1.957,Trading Revenue,Revenue
Capital Markets,2025-05-31,Actual,Underwriting Revenue,2.595,Fee / Noninterest Income,Revenue
Capital Markets,2025-05-31,Budget,Advisory Fee,2.1515,Fee / Noninterest Income,Revenue
Capital Markets,2025-05-31,Budget,Operating Expense,3.54,Operating Expense,Expense
Capital Markets,2025-05-31,Budget,Structuring Fee,0.753,Fee / Noninterest Income,Revenue
Capital Markets,2025-05-31,Budget,Syndication Fee,0.638,Fee / Noninterest Income,Revenue
Capital Markets,2025-05-31,Budget,Trading Revenue,1.952,Trading Revenue,Revenue
Capital Markets,2025-05-31,Budget,Underwriting Revenue,2.563,Fee / Noninterest Income,Revenue
Capital Markets,2025-05-31,Forecast,Advisory Fee,2.235,Fee / Noninterest Income,Revenue
Capital Markets,2025-05-31,Forecast,Operating Expense,3.54,Operating Expense,Expense
Capital Markets,2025-05-31,Forecast,Structuring Fee,0.76,Fee / Noninterest Income,Revenue
Capital Markets,2025-05-31,Forecast,Syndication Fee,0.637,Fee / Noninterest Income,Revenue
Capital Markets,2025-05-31,Forecast,Trading Revenue,1.977,Trading Revenue,Revenue
Capital Markets,2025-05-31,Forecast,Underwriting Revenue,2.595,Fee / Noninterest Income,Revenue
Capital Markets,2025-05-31,Prior Year,Advisory Fee,2.077,Fee / Noninterest Income,Revenue
Capital Markets,2025-05-31,Prior Year,Operating Expense,3.307,Operating Expense,Expense
Capital Markets,2025-05-31,Prior Year,Structuring Fee,0.712,Fee / Noninterest Income,Revenue
Capital Markets,2025-05-31,Prior Year,Syndication Fee,0.596,Fee / Noninterest Income,Revenue
Capital Markets,2025-05-31,Prior Year,Trading Revenue,1.834,Trading Revenue,Revenue
Capital Markets,2025-05-31,Prior Year,Underwriting Revenue,2.397,Fee / Noninterest Income,Revenue
Capital Markets,2025-06-30,Actual,Advisory Fee,2.093,Fee / Noninterest Income,Revenue
Capital Markets,2025-06-30,Actual,Operating Expense,3.414,Operating Expense,Expense
Capital Markets,2025-06-30,Actual,Structuring Fee,0.726,Fee / Noninterest Income,Revenue
Capital Markets,2025-06-30,Actual,Syndication Fee,0.6,Fee / Noninterest Income,Revenue
Capital Markets,2025-06-30,Actual,Trading Revenue,1.845,Trading Revenue,Revenue
Capital Markets,2025-06-30,Actual,Underwriting Revenue,2.45,Fee / Noninterest Income,Revenue
Capital Markets,2025-06-30,Budget,Advisory Fee,2.09,Fee / Noninterest Income,Revenue
Capital Markets,2025-06-30,Budget,Operating Expense,3.368,Operating Expense,Expense
Capital Markets,2025-06-30,Budget,Structuring Fee,0.72,Fee / Noninterest Income,Revenue
Capital Markets,2025-06-30,Budget,Syndication Fee,0.598,Fee / Noninterest Income,Revenue
Capital Markets,2025-06-30,Budget,Trading Revenue,1.844,Trading Revenue,Revenue
Capital Markets,2025-06-30,Budget,Underwriting Revenue,2.407,Fee / Noninterest Income,Revenue
Capital Markets,2025-06-30,Forecast,Advisory Fee,2.107,Fee / Noninterest Income,Revenue
Capital Markets,2025-06-30,Forecast,Operating Expense,3.365,Operating Expense,Expense
Capital Markets,2025-06-30,Forecast,Structuring Fee,0.724,Fee / Noninterest Income,Revenue
Capital Markets,2025-06-30,Forecast,Syndication Fee,0.603,Fee / Noninterest Income,Revenue
Capital Markets,2025-06-30,Forecast,Trading Revenue,1.853,Trading Revenue,Revenue
Capital Markets,2025-06-30,Forecast,Underwriting Revenue,2.461,Fee / Noninterest Income,Revenue
Capital Markets,2025-06-30,Prior Year,Advisory Fee,1.971,Fee / Noninterest Income,Revenue
Capital Markets,2025-06-30,Prior Year,Operating Expense,3.137,Operating Expense,Expense
Capital Markets,2025-06-30,Prior Year,Structuring Fee,0.676,Fee / Noninterest Income,Revenue
Capital Markets,2025-06-30,Prior Year,Syndication Fee,0.558,Fee / Noninterest Income,Revenue
Capital Markets,2025-06-30,Prior Year,Trading Revenue,1.737,Trading Revenue,Revenue
Capital Markets,2025-06-30,Prior Year,Underwriting Revenue,2.286,Fee / Noninterest Income,Revenue
Capital Markets,2025-07-31,Actual,Advisory Fee,2.002,Fee / Noninterest Income,Revenue
Capital Markets,2025-07-31,Actual,Operating Expense,3.206,Operating Expense,Expense
Capital Markets,2025-07-31,Actual,Structuring Fee,0.68,Fee / Noninterest Income,Revenue
Capital Markets,2025-07-31,Actual,Syndication Fee,0.573,Fee / Noninterest Income,Revenue
Capital Markets,2025-07-31,Actual,Trading Revenue,1.752,Trading Revenue,Revenue
Capital Markets,2025-07-31,Actual,Underwriting Revenue,2.341,Fee / Noninterest Income,Revenue
Capital Markets,2025-07-31,Budget,Advisory Fee,1.956,Fee / Noninterest Income,Revenue
Capital Markets,2025-07-31,Budget,Operating Expense,3.144,Operating Expense,Expense
Capital Markets,2025-07-31,Budget,Structuring Fee,0.677,Fee / Noninterest Income,Revenue
Capital Markets,2025-07-31,Budget,Syndication Fee,0.567,Fee / Noninterest Income,Revenue
Capital Markets,2025-07-31,Budget,Trading Revenue,1.725,Trading Revenue,Revenue
Capital Markets,2025-07-31,Budget,Underwriting Revenue,2.31,Fee / Noninterest Income,Revenue
Capital Markets,2025-07-31,Forecast,Advisory Fee,1.986,Fee / Noninterest Income,Revenue
Capital Markets,2025-07-31,Forecast,Operating Expense,3.19,Operating Expense,Expense
Capital Markets,2025-07-31,Forecast,Structuring Fee,0.677,Fee / Noninterest Income,Revenue
Capital Markets,2025-07-31,Forecast,Syndication Fee,0.569,Fee / Noninterest Income,Revenue
Capital Markets,2025-07-31,Forecast,Trading Revenue,1.757,Trading Revenue,Revenue
Capital Markets,2025-07-31,Forecast,Underwriting Revenue,2.286,Fee / Noninterest Income,Revenue
Capital Markets,2025-07-31,Prior Year,Advisory Fee,1.877,Fee / Noninterest Income,Revenue
Capital Markets,2025-07-31,Prior Year,Operating Expense,2.985,Operating Expense,Expense
Capital Markets,2025-07-31,Prior Year,Structuring Fee,0.646,Fee / Noninterest Income,Revenue
Capital Markets,2025-07-31,Prior Year,Syndication Fee,0.537,Fee / Noninterest Income,Revenue
Capital Markets,2025-07-31,Prior Year,Trading Revenue,1.661,Trading Revenue,Revenue
Capital Markets,2025-07-31,Prior Year,Underwriting Revenue,2.183,Fee / Noninterest Income,Revenue
Capital Markets,2025-08-31,Actual,Advisory Fee,1.951,Fee / Noninterest Income,Revenue
Capital Markets,2025-08-31,Actual,Operating Expense,3.12,Operating Expense,Expense
Capital Markets,2025-08-31,Actual,Structuring Fee,0.663,Fee / Noninterest Income,Revenue
Capital Markets,2025-08-31,Actual,Syndication Fee,0.554,Fee / Noninterest Income,Revenue
Capital Markets,2025-08-31,Actual,Trading Revenue,1.701,Trading Revenue,Revenue
Capital Markets,2025-08-31,Actual,Underwriting Revenue,2.299,Fee / Noninterest Income,Revenue
Capital Markets,2025-08-31,Budget,Advisory Fee,1.915,Fee / Noninterest Income,Revenue
Capital Markets,2025-08-31,Budget,Operating Expense,3.049,Operating Expense,Expense
Capital Markets,2025-08-31,Budget,Structuring Fee,0.66,Fee / Noninterest Income,Revenue
Capital Markets,2025-08-31,Budget,Syndication Fee,0.555,Fee / Noninterest Income,Revenue
Capital Markets,2025-08-31,Budget,Trading Revenue,1.699,Trading Revenue,Revenue
Capital Markets,2025-08-31,Budget,Underwriting Revenue,2.247,Fee / Noninterest Income,Revenue
Capital Markets,2025-08-31,Forecast,Advisory Fee,1.915,Fee / Noninterest Income,Revenue
Capital Markets,2025-08-31,Forecast,Operating Expense,3.107,Operating Expense,Expense
Capital Markets,2025-08-31,Forecast,Structuring Fee,0.661,Fee / Noninterest Income,Revenue
Capital Markets,2025-08-31,Forecast,Syndication Fee,0.555,Fee / Noninterest Income,Revenue
Capital Markets,2025-08-31,Forecast,Trading Revenue,1.704,Trading Revenue,Revenue
Capital Markets,2025-08-31,Forecast,Underwriting Revenue,2.238,Fee / Noninterest Income,Revenue
Capital Markets,2025-08-31,Prior Year,Advisory Fee,1.827,Fee / Noninterest Income,Revenue
Capital Markets,2025-08-31,Prior Year,Operating Expense,2.929,Operating Expense,Expense
Capital Markets,2025-08-31,Prior Year,Structuring Fee,0.629,Fee / Noninterest Income,Revenue
Capital Markets,2025-08-31,Prior Year,Syndication Fee,0.52,Fee / Noninterest Income,Revenue
Capital Markets,2025-08-31,Prior Year,Trading Revenue,1.595,Trading Revenue,Revenue
Capital Markets,2025-08-31,Prior Year,Underwriting Revenue,2.114,Fee / Noninterest Income,Revenue
Capital Markets,2025-09-30,Actual,Advisory Fee,1.988,Fee / Noninterest Income,Revenue
Capital Markets,2025-09-30,Actual,Operating Expense,3.175,Operating Expense,Expense
Capital Markets,2025-09-30,Actual,Structuring Fee,0.685,Fee / Noninterest Income,Revenue
Capital Markets,2025-09-30,Actual,Syndication Fee,0.576,Fee / Noninterest Income,Revenue
Capital Markets,2025-09-30,Actual,Trading Revenue,1.786,Trading Revenue,Revenue
Capital Markets,2025-09-30,Actual,Underwriting Revenue,2.311,Fee / Noninterest Income,Revenue
Capital Markets,2025-09-30,Budget,Advisory Fee,1.964,Fee / Noninterest Income,Revenue
Capital Markets,2025-09-30,Budget,Operating Expense,3.141,Operating Expense,Expense
Capital Markets,2025-09-30,Budget,Structuring Fee,0.678,Fee / Noninterest Income,Revenue
Capital Markets,2025-09-30,Budget,Syndication Fee,0.559,Fee / Noninterest Income,Revenue
Capital Markets,2025-09-30,Budget,Trading Revenue,1.729,Trading Revenue,Revenue
Capital Markets,2025-09-30,Budget,Underwriting Revenue,2.322,Fee / Noninterest Income,Revenue
Capital Markets,2025-09-30,Forecast,Advisory Fee,2.001,Fee / Noninterest Income,Revenue
Capital Markets,2025-09-30,Forecast,Operating Expense,3.211,Operating Expense,Expense
Capital Markets,2025-09-30,Forecast,Structuring Fee,0.677,Fee / Noninterest Income,Revenue
Capital Markets,2025-09-30,Forecast,Syndication Fee,0.568,Fee / Noninterest Income,Revenue
Capital Markets,2025-09-30,Forecast,Trading Revenue,1.739,Trading Revenue,Revenue
Capital Markets,2025-09-30,Forecast,Underwriting Revenue,2.31,Fee / Noninterest Income,Revenue
Capital Markets,2025-09-30,Prior Year,Advisory Fee,1.895,Fee / Noninterest Income,Revenue
Capital Markets,2025-09-30,Prior Year,Operating Expense,2.987,Operating Expense,Expense
Capital Markets,2025-09-30,Prior Year,Structuring Fee,0.641,Fee / Noninterest Income,Revenue
Capital Markets,2025-09-30,Prior Year,Syndication Fee,0.533,Fee / Noninterest Income,Revenue
Capital Markets,2025-09-30,Prior Year,Trading Revenue,1.657,Trading Revenue,Revenue
Capital Markets,2025-09-30,Prior Year,Underwriting Revenue,2.188,Fee / Noninterest Income,Revenue
Capital Markets,2025-10-31,Actual,Advisory Fee,2.109,Fee / Noninterest Income,Revenue
Capital Markets,2025-10-31,Actual,Operating Expense,3.403,Operating Expense,Expense
Capital Markets,2025-10-31,Actual,Structuring Fee,0.718,Fee / Noninterest Income,Revenue
Capital Markets,2025-10-31,Actual,Syndication Fee,0.601,Fee / Noninterest Income,Revenue
Capital Markets,2025-10-31,Actual,Trading Revenue,1.871,Trading Revenue,Revenue
Capital Markets,2025-10-31,Actual,Underwriting Revenue,2.497,Fee / Noninterest Income,Revenue
Capital Markets,2025-10-31,Budget,Advisory Fee,2.082,Fee / Noninterest Income,Revenue
Capital Markets,2025-10-31,Budget,Operating Expense,3.322,Operating Expense,Expense
Capital Markets,2025-10-31,Budget,Structuring Fee,0.717,Fee / Noninterest Income,Revenue
Capital Markets,2025-10-31,Budget,Syndication Fee,0.59,Fee / Noninterest Income,Revenue
Capital Markets,2025-10-31,Budget,Trading Revenue,1.817,Trading Revenue,Revenue
Capital Markets,2025-10-31,Budget,Underwriting Revenue,2.456,Fee / Noninterest Income,Revenue
Capital Markets,2025-10-31,Forecast,Advisory Fee,2.094,Fee / Noninterest Income,Revenue
Capital Markets,2025-10-31,Forecast,Operating Expense,3.347,Operating Expense,Expense
Capital Markets,2025-10-31,Forecast,Structuring Fee,0.732,Fee / Noninterest Income,Revenue
Capital Markets,2025-10-31,Forecast,Syndication Fee,0.601,Fee / Noninterest Income,Revenue
Capital Markets,2025-10-31,Forecast,Trading Revenue,1.859,Trading Revenue,Revenue
Capital Markets,2025-10-31,Forecast,Underwriting Revenue,2.438,Fee / Noninterest Income,Revenue
Capital Markets,2025-10-31,Prior Year,Advisory Fee,1.985,Fee / Noninterest Income,Revenue
Capital Markets,2025-10-31,Prior Year,Operating Expense,3.157,Operating Expense,Expense
Capital Markets,2025-10-31,Prior Year,Structuring Fee,0.691,Fee / Noninterest Income,Revenue
Capital Markets,2025-10-31,Prior Year,Syndication Fee,0.576,Fee / Noninterest Income,Revenue
Capital Markets,2025-10-31,Prior Year,Trading Revenue,1.753,Trading Revenue,Revenue
Capital Markets,2025-10-31,Prior Year,Underwriting Revenue,2.3310000000000004,Fee / Noninterest Income,Revenue
Capital Markets,2025-11-30,Actual,Advisory Fee,2.252,Fee / Noninterest Income,Revenue
Capital Markets,2025-11-30,Actual,Operating Expense,3.592,Operating Expense,Expense
Capital Markets,2025-11-30,Actual,Structuring Fee,0.772,Fee / Noninterest Income,Revenue
Capital Markets,2025-11-30,Actual,Syndication Fee,0.635,Fee / Noninterest Income,Revenue
Capital Markets,2025-11-30,Actual,Trading Revenue,1.98,Trading Revenue,Revenue
Capital Markets,2025-11-30,Actual,Underwriting Revenue,2.626,Fee / Noninterest Income,Revenue
Capital Markets,2025-11-30,Budget,Advisory Fee,2.202,Fee / Noninterest Income,Revenue
Capital Markets,2025-11-30,Budget,Operating Expense,3.518,Operating Expense,Expense
Capital Markets,2025-11-30,Budget,Structuring Fee,0.75,Fee / Noninterest Income,Revenue
Capital Markets,2025-11-30,Budget,Syndication Fee,0.634,Fee / Noninterest Income,Revenue
Capital Markets,2025-11-30,Budget,Trading Revenue,1.955,Trading Revenue,Revenue
Capital Markets,2025-11-30,Budget,Underwriting Revenue,2.588,Fee / Noninterest Income,Revenue
Capital Markets,2025-11-30,Forecast,Advisory Fee,2.218,Fee / Noninterest Income,Revenue
Capital Markets,2025-11-30,Forecast,Operating Expense,3.556,Operating Expense,Expense
Capital Markets,2025-11-30,Forecast,Structuring Fee,0.766,Fee / Noninterest Income,Revenue
Capital Markets,2025-11-30,Forecast,Syndication Fee,0.639,Fee / Noninterest Income,Revenue
Capital Markets,2025-11-30,Forecast,Trading Revenue,1.929,Trading Revenue,Revenue
Capital Markets,2025-11-30,Forecast,Underwriting Revenue,2.581,Fee / Noninterest Income,Revenue
Capital Markets,2025-11-30,Prior Year,Advisory Fee,2.107,Fee / Noninterest Income,Revenue
Capital Markets,2025-11-30,Prior Year,Operating Expense,3.344,Operating Expense,Expense
Capital Markets,2025-11-30,Prior Year,Structuring Fee,0.72,Fee / Noninterest Income,Revenue
Capital Markets,2025-11-30,Prior Year,Syndication Fee,0.598,Fee / Noninterest Income,Revenue
Capital Markets,2025-11-30,Prior Year,Trading Revenue,1.858,Trading Revenue,Revenue
Capital Markets,2025-11-30,Prior Year,Underwriting Revenue,2.474,Fee / Noninterest Income,Revenue
Capital Markets,2025-12-31,Actual,Advisory Fee,2.279,Fee / Noninterest Income,Revenue
Capital Markets,2025-12-31,Actual,Operating Expense,3.665,Operating Expense,Expense
Capital Markets,2025-12-31,Actual,Structuring Fee,0.781,Fee / Noninterest Income,Revenue
Capital Markets,2025-12-31,Actual,Syndication Fee,0.66,Fee / Noninterest Income,Revenue
Capital Markets,2025-12-31,Actual,Trading Revenue,2.018,Trading Revenue,Revenue
Capital Markets,2025-12-31,Actual,Underwriting Revenue,2.691,Fee / Noninterest Income,Revenue
Capital Markets,2025-12-31,Budget,Advisory Fee,2.26,Fee / Noninterest Income,Revenue
Capital Markets,2025-12-31,Budget,Operating Expense,3.562,Operating Expense,Expense
Capital Markets,2025-12-31,Budget,Structuring Fee,0.77,Fee / Noninterest Income,Revenue
Capital Markets,2025-12-31,Budget,Syndication Fee,0.643,Fee / Noninterest Income,Revenue
Capital Markets,2025-12-31,Budget,Trading Revenue,1.977,Trading Revenue,Revenue
Capital Markets,2025-12-31,Budget,Underwriting Revenue,2.631,Fee / Noninterest Income,Revenue
Capital Markets,2025-12-31,Forecast,Advisory Fee,2.266,Fee / Noninterest Income,Revenue
Capital Markets,2025-12-31,Forecast,Operating Expense,3.5460000000000003,Operating Expense,Expense
Capital Markets,2025-12-31,Forecast,Structuring Fee,0.782,Fee / Noninterest Income,Revenue
Capital Markets,2025-12-31,Forecast,Syndication Fee,0.649,Fee / Noninterest Income,Revenue
Capital Markets,2025-12-31,Forecast,Trading Revenue,2.011,Trading Revenue,Revenue
Capital Markets,2025-12-31,Forecast,Underwriting Revenue,2.621,Fee / Noninterest Income,Revenue
Capital Markets,2025-12-31,Prior Year,Advisory Fee,2.126,Fee / Noninterest Income,Revenue
Capital Markets,2025-12-31,Prior Year,Operating Expense,3.405,Operating Expense,Expense
Capital Markets,2025-12-31,Prior Year,Structuring Fee,0.745,Fee / Noninterest Income,Revenue
Capital Markets,2025-12-31,Prior Year,Syndication Fee,0.613,Fee / Noninterest Income,Revenue
Capital Markets,2025-12-31,Prior Year,Trading Revenue,1.878,Trading Revenue,Revenue
Capital Markets,2025-12-31,Prior Year,Underwriting Revenue,2.511,Fee / Noninterest Income,Revenue
Capital Markets,2026-01-31,Actual,Advisory Fee,2.262,Fee / Noninterest Income,Revenue
Capital Markets,2026-01-31,Actual,Operating Expense,3.585,Operating Expense,Expense
Capital Markets,2026-01-31,Actual,Structuring Fee,0.78,Fee / Noninterest Income,Revenue
Capital Markets,2026-01-31,Actual,Syndication Fee,0.641,Fee / Noninterest Income,Revenue
Capital Markets,2026-01-31,Actual,Trading Revenue,1.996,Trading Revenue,Revenue
Capital Markets,2026-01-31,Actual,Underwriting Revenue,2.619,Fee / Noninterest Income,Revenue
Capital Markets,2026-01-31,Budget,Advisory Fee,2.184,Fee / Noninterest Income,Revenue
Capital Markets,2026-01-31,Budget,Operating Expense,3.473,Operating Expense,Expense
Capital Markets,2026-01-31,Budget,Structuring Fee,0.75,Fee / Noninterest Income,Revenue
Capital Markets,2026-01-31,Budget,Syndication Fee,0.625,Fee / Noninterest Income,Revenue
Capital Markets,2026-01-31,Budget,Trading Revenue,1.929,Trading Revenue,Revenue
Capital Markets,2026-01-31,Budget,Underwriting Revenue,2.559,Fee / Noninterest Income,Revenue
Capital Markets,2026-01-31,Forecast,Advisory Fee,2.212,Fee / Noninterest Income,Revenue
Capital Markets,2026-01-31,Forecast,Operating Expense,3.536,Operating Expense,Expense
Capital Markets,2026-01-31,Forecast,Structuring Fee,0.759,Fee / Noninterest Income,Revenue
Capital Markets,2026-01-31,Forecast,Syndication Fee,0.632,Fee / Noninterest Income,Revenue
Capital Markets,2026-01-31,Forecast,Trading Revenue,1.952,Trading Revenue,Revenue
Capital Markets,2026-01-31,Forecast,Underwriting Revenue,2.608,Fee / Noninterest Income,Revenue
Capital Markets,2026-01-31,Prior Year,Advisory Fee,2.094,Fee / Noninterest Income,Revenue
Capital Markets,2026-01-31,Prior Year,Operating Expense,3.341,Operating Expense,Expense
Capital Markets,2026-01-31,Prior Year,Structuring Fee,0.715,Fee / Noninterest Income,Revenue
Capital Markets,2026-01-31,Prior Year,Syndication Fee,0.603,Fee / Noninterest Income,Revenue
Capital Markets,2026-01-31,Prior Year,Trading Revenue,1.855,Trading Revenue,Revenue
Capital Markets,2026-01-31,Prior Year,Underwriting Revenue,2.441,Fee / Noninterest Income,Revenue
Capital Markets,2026-02-28,Actual,Advisory Fee,2.155,Fee / Noninterest Income,Revenue
Capital Markets,2026-02-28,Actual,Operating Expense,3.36,Operating Expense,Expense
Capital Markets,2026-02-28,Actual,Structuring Fee,0.724,Fee / Noninterest Income,Revenue
Capital Markets,2026-02-28,Actual,Syndication Fee,0.613,Fee / Noninterest Income,Revenue
Capital Markets,2026-02-28,Actual,Trading Revenue,1.887,Trading Revenue,Revenue
Capital Markets,2026-02-28,Actual,Underwriting Revenue,2.482,Fee / Noninterest Income,Revenue
Capital Markets,2026-02-28,Budget,Advisory Fee,2.076,Fee / Noninterest Income,Revenue
Capital Markets,2026-02-28,Budget,Operating Expense,3.339,Operating Expense,Expense
Capital Markets,2026-02-28,Budget,Structuring Fee,0.719,Fee / Noninterest Income,Revenue
Capital Markets,2026-02-28,Budget,Syndication Fee,0.596,Fee / Noninterest Income,Revenue
Capital Markets,2026-02-28,Budget,Trading Revenue,1.844,Trading Revenue,Revenue
Capital Markets,2026-02-28,Budget,Underwriting Revenue,2.409,Fee / Noninterest Income,Revenue
Capital Markets,2026-02-28,Forecast,Advisory Fee,2.11,Fee / Noninterest Income,Revenue
Capital Markets,2026-02-28,Forecast,Operating Expense,3.338,Operating Expense,Expense
Capital Markets,2026-02-28,Forecast,Structuring Fee,0.726,Fee / Noninterest Income,Revenue
Capital Markets,2026-02-28,Forecast,Syndication Fee,0.605,Fee / Noninterest Income,Revenue
Capital Markets,2026-02-28,Forecast,Trading Revenue,1.836,Trading Revenue,Revenue
Capital Markets,2026-02-28,Forecast,Underwriting Revenue,2.461,Fee / Noninterest Income,Revenue
Capital Markets,2026-02-28,Prior Year,Advisory Fee,1.976,Fee / Noninterest Income,Revenue
Capital Markets,2026-02-28,Prior Year,Operating Expense,3.145,Operating Expense,Expense
Capital Markets,2026-02-28,Prior Year,Structuring Fee,0.685,Fee / Noninterest Income,Revenue
Capital Markets,2026-02-28,Prior Year,Syndication Fee,0.57,Fee / Noninterest Income,Revenue
Capital Markets,2026-02-28,Prior Year,Trading Revenue,1.747,Trading Revenue,Revenue
Capital Markets,2026-02-28,Prior Year,Underwriting Revenue,2.316,Fee / Noninterest Income,Revenue
Capital Markets,2026-03-31,Actual,Advisory Fee,2.044,Fee / Noninterest Income,Revenue
Capital Markets,2026-03-31,Actual,Operating Expense,3.223,Operating Expense,Expense
Capital Markets,2026-03-31,Actual,Structuring Fee,0.694,Fee / Noninterest Income,Revenue
Capital Markets,2026-03-31,Actual,Syndication Fee,0.573,Fee / Noninterest Income,Revenue
Capital Markets,2026-03-31,Actual,Trading Revenue,1.785,Trading Revenue,Revenue
Capital Markets,2026-03-31,Actual,Underwriting Revenue,2.346,Fee / Noninterest Income,Revenue
Capital Markets,2026-03-31,Budget,Advisory Fee,1.978,Fee / Noninterest Income,Revenue
Capital Markets,2026-03-31,Budget,Operating Expense,3.172,Operating Expense,Expense
Capital Markets,2026-03-31,Budget,Structuring Fee,0.673,Fee / Noninterest Income,Revenue
Capital Markets,2026-03-31,Budget,Syndication Fee,0.561,Fee / Noninterest Income,Revenue
Capital Markets,2026-03-31,Budget,Trading Revenue,1.759,Trading Revenue,Revenue
Capital Markets,2026-03-31,Budget,Underwriting Revenue,2.288,Fee / Noninterest Income,Revenue
Capital Markets,2026-03-31,Forecast,Advisory Fee,1.975,Fee / Noninterest Income,Revenue
Capital Markets,2026-03-31,Forecast,Operating Expense,3.21,Operating Expense,Expense
Capital Markets,2026-03-31,Forecast,Structuring Fee,0.681,Fee / Noninterest Income,Revenue
Capital Markets,2026-03-31,Forecast,Syndication Fee,0.564,Fee / Noninterest Income,Revenue
Capital Markets,2026-03-31,Forecast,Trading Revenue,1.759,Trading Revenue,Revenue
Capital Markets,2026-03-31,Forecast,Underwriting Revenue,2.332,Fee / Noninterest Income,Revenue
Capital Markets,2026-03-31,Prior Year,Advisory Fee,1.848,Fee / Noninterest Income,Revenue
Capital Markets,2026-03-31,Prior Year,Operating Expense,2.991,Operating Expense,Expense
Capital Markets,2026-03-31,Prior Year,Structuring Fee,0.637,Fee / Noninterest Income,Revenue
Capital Markets,2026-03-31,Prior Year,Syndication Fee,0.53,Fee / Noninterest Income,Revenue
Capital Markets,2026-03-31,Prior Year,Trading Revenue,1.637,Trading Revenue,Revenue
Capital Markets,2026-03-31,Prior Year,Underwriting Revenue,2.168,Fee / Noninterest Income,Revenue
Capital Markets,2026-04-30,Actual,Advisory Fee,1.983,Fee / Noninterest Income,Revenue
Capital Markets,2026-04-30,Actual,Operating Expense,3.155,Operating Expense,Expense
Capital Markets,2026-04-30,Actual,Structuring Fee,0.677,Fee / Noninterest Income,Revenue
Capital Markets,2026-04-30,Actual,Syndication Fee,0.561,Fee / Noninterest Income,Revenue
Capital Markets,2026-04-30,Actual,Trading Revenue,1.746,Trading Revenue,Revenue
Capital Markets,2026-04-30,Actual,Underwriting Revenue,2.312,Fee / Noninterest Income,Revenue
Capital Markets,2026-04-30,Budget,Advisory Fee,1.937,Fee / Noninterest Income,Revenue
Capital Markets,2026-04-30,Budget,Operating Expense,3.076,Operating Expense,Expense
Capital Markets,2026-04-30,Budget,Structuring Fee,0.666,Fee / Noninterest Income,Revenue
Capital Markets,2026-04-30,Budget,Syndication Fee,0.549,Fee / Noninterest Income,Revenue
Capital Markets,2026-04-30,Budget,Trading Revenue,1.704,Trading Revenue,Revenue
Capital Markets,2026-04-30,Budget,Underwriting Revenue,2.238,Fee / Noninterest Income,Revenue
Capital Markets,2026-04-30,Forecast,Advisory Fee,1.95,Fee / Noninterest Income,Revenue
Capital Markets,2026-04-30,Forecast,Operating Expense,3.113,Operating Expense,Expense
Capital Markets,2026-04-30,Forecast,Structuring Fee,0.67,Fee / Noninterest Income,Revenue
Capital Markets,2026-04-30,Forecast,Syndication Fee,0.553,Fee / Noninterest Income,Revenue
Capital Markets,2026-04-30,Forecast,Trading Revenue,1.722,Trading Revenue,Revenue
Capital Markets,2026-04-30,Forecast,Underwriting Revenue,2.283,Fee / Noninterest Income,Revenue
Capital Markets,2026-04-30,Prior Year,Advisory Fee,1.795,Fee / Noninterest Income,Revenue
Capital Markets,2026-04-30,Prior Year,Operating Expense,2.861,Operating Expense,Expense
Capital Markets,2026-04-30,Prior Year,Structuring Fee,0.618,Fee / Noninterest Income,Revenue
Capital Markets,2026-04-30,Prior Year,Syndication Fee,0.517,Fee / Noninterest Income,Revenue
Capital Markets,2026-04-30,Prior Year,Trading Revenue,1.587,Trading Revenue,Revenue
Capital Markets,2026-04-30,Prior Year,Underwriting Revenue,2.127,Fee / Noninterest Income,Revenue
Capital Markets,2026-05-31,Actual,Advisory Fee,2.037,Fee / Noninterest Income,Revenue
Capital Markets,2026-05-31,Actual,Operating Expense,3.202,Operating Expense,Expense
Capital Markets,2026-05-31,Actual,Structuring Fee,0.69,Fee / Noninterest Income,Revenue
Capital Markets,2026-05-31,Actual,Syndication Fee,0.58,Fee / Noninterest Income,Revenue
Capital Markets,2026-05-31,Actual,Trading Revenue,1.788,Trading Revenue,Revenue
Capital Markets,2026-05-31,Actual,Underwriting Revenue,2.319,Fee / Noninterest Income,Revenue
Capital Markets,2026-05-31,Budget,Advisory Fee,1.967,Fee / Noninterest Income,Revenue
Capital Markets,2026-05-31,Budget,Operating Expense,3.178,Operating Expense,Expense
Capital Markets,2026-05-31,Budget,Structuring Fee,0.679,Fee / Noninterest Income,Revenue
Capital Markets,2026-05-31,Budget,Syndication Fee,0.567,Fee / Noninterest Income,Revenue
Capital Markets,2026-05-31,Budget,Trading Revenue,1.745,Trading Revenue,Revenue
Capital Markets,2026-05-31,Budget,Underwriting Revenue,2.332,Fee / Noninterest Income,Revenue
Capital Markets,2026-05-31,Forecast,Advisory Fee,1.999,Fee / Noninterest Income,Revenue
Capital Markets,2026-05-31,Forecast,Operating Expense,3.172,Operating Expense,Expense
Capital Markets,2026-05-31,Forecast,Structuring Fee,0.688,Fee / Noninterest Income,Revenue
Capital Markets,2026-05-31,Forecast,Syndication Fee,0.574,Fee / Noninterest Income,Revenue
Capital Markets,2026-05-31,Forecast,Trading Revenue,1.753,Trading Revenue,Revenue
Capital Markets,2026-05-31,Forecast,Underwriting Revenue,2.349,Fee / Noninterest Income,Revenue
Capital Markets,2026-05-31,Prior Year,Advisory Fee,1.868,Fee / Noninterest Income,Revenue
Capital Markets,2026-05-31,Prior Year,Operating Expense,2.953,Operating Expense,Expense
Capital Markets,2026-05-31,Prior Year,Structuring Fee,0.64,Fee / Noninterest Income,Revenue
Capital Markets,2026-05-31,Prior Year,Syndication Fee,0.536,Fee / Noninterest Income,Revenue
Capital Markets,2026-05-31,Prior Year,Trading Revenue,1.645,Trading Revenue,Revenue
Capital Markets,2026-05-31,Prior Year,Underwriting Revenue,2.161,Fee / Noninterest Income,Revenue
Capital Markets,2026-06-30,Actual,Advisory Fee,3.029,Fee / Noninterest Income,Revenue
Capital Markets,2026-06-30,Actual,Operating Expense,3.968,Operating Expense,Expense
Capital Markets,2026-06-30,Actual,Structuring Fee,1.05,Fee / Noninterest Income,Revenue
Capital Markets,2026-06-30,Actual,Syndication Fee,0.879,Fee / Noninterest Income,Revenue
Capital Markets,2026-06-30,Actual,Trading Revenue,2.699,Trading Revenue,Revenue
Capital Markets,2026-06-30,Actual,Underwriting Revenue,3.598,Fee / Noninterest Income,Revenue
Capital Markets,2026-06-30,Budget,Advisory Fee,2.58,Fee / Noninterest Income,Revenue
Capital Markets,2026-06-30,Budget,Operating Expense,3.674,Operating Expense,Expense
Capital Markets,2026-06-30,Budget,Structuring Fee,0.885,Fee / Noninterest Income,Revenue
Capital Markets,2026-06-30,Budget,Syndication Fee,0.737,Fee / Noninterest Income,Revenue
Capital Markets,2026-06-30,Budget,Trading Revenue,2.273,Trading Revenue,Revenue
Capital Markets,2026-06-30,Budget,Underwriting Revenue,3.01,Fee / Noninterest Income,Revenue
Capital Markets,2026-06-30,Forecast,Advisory Fee,2.58,Fee / Noninterest Income,Revenue
Capital Markets,2026-06-30,Forecast,Operating Expense,3.674,Operating Expense,Expense
Capital Markets,2026-06-30,Forecast,Structuring Fee,0.885,Fee / Noninterest Income,Revenue
Capital Markets,2026-06-30,Forecast,Syndication Fee,0.737,Fee / Noninterest Income,Revenue
Capital Markets,2026-06-30,Forecast,Trading Revenue,2.273,Trading Revenue,Revenue
Capital Markets,2026-06-30,Forecast,Underwriting Revenue,3.01,Fee / Noninterest Income,Revenue
Capital Markets,2026-06-30,Prior Year,Advisory Fee,1.874,Fee / Noninterest Income,Revenue
Capital Markets,2026-06-30,Prior Year,Operating Expense,3.677,Operating Expense,Expense
Capital Markets,2026-06-30,Prior Year,Structuring Fee,0.642,Fee / Noninterest Income,Revenue
Capital Markets,2026-06-30,Prior Year,Syndication Fee,0.535,Fee / Noninterest Income,Revenue
Capital Markets,2026-06-30,Prior Year,Trading Revenue,1.651,Trading Revenue,Revenue
Capital Markets,2026-06-30,Prior Year,Underwriting Revenue,2.186,Fee / Noninterest Income,Revenue
Commercial Banking,2025-04-30,Actual,Deposit Balance,1513.551,Deposit Balance,Balance
Commercial Banking,2025-04-30,Actual,Deposit Fee,0.924,Fee / Noninterest Income,Revenue
Commercial Banking,2025-04-30,Actual,FX Fee,0.492,Fee / Noninterest Income,Revenue
Commercial Banking,2025-04-30,Actual,Loan Balance,1660.601,Loan Balance,Balance
Commercial Banking,2025-04-30,Actual,Loan Interest,5.65,Net Interest Income,Revenue
Commercial Banking,2025-04-30,Actual,Merchant Fee,1.186,Fee / Noninterest Income,Revenue
Commercial Banking,2025-04-30,Actual,Operating Expense,3.881,Operating Expense,Expense
Commercial Banking,2025-04-30,Actual,Treasury Fee,2.377,Fee / Noninterest Income,Revenue
Commercial Banking,2025-04-30,Budget,Deposit Balance,1484.205,Deposit Balance,Balance
Commercial Banking,2025-04-30,Budget,Deposit Fee,0.913,Fee / Noninterest Income,Revenue
Commercial Banking,2025-04-30,Budget,FX Fee,0.481,Fee / Noninterest Income,Revenue
Commercial Banking,2025-04-30,Budget,Loan Balance,1645.54,Loan Balance,Balance
Commercial Banking,2025-04-30,Budget,Loan Interest,5.578,Net Interest Income,Revenue
Commercial Banking,2025-04-30,Budget,Merchant Fee,1.162,Fee / Noninterest Income,Revenue
Commercial Banking,2025-04-30,Budget,Operating Expense,3.766,Operating Expense,Expense
Commercial Banking,2025-04-30,Budget,Treasury Fee,2.337,Fee / Noninterest Income,Revenue
Commercial Banking,2025-04-30,Forecast,Deposit Balance,1501.683,Deposit Balance,Balance
Commercial Banking,2025-04-30,Forecast,Deposit Fee,0.934,Fee / Noninterest Income,Revenue
Commercial Banking,2025-04-30,Forecast,FX Fee,0.486,Fee / Noninterest Income,Revenue
Commercial Banking,2025-04-30,Forecast,Loan Balance,1654.532,Loan Balance,Balance
Commercial Banking,2025-04-30,Forecast,Loan Interest,5.674,Net Interest Income,Revenue
Commercial Banking,2025-04-30,Forecast,Merchant Fee,1.191,Fee / Noninterest Income,Revenue
Commercial Banking,2025-04-30,Forecast,Operating Expense,3.891,Operating Expense,Expense
Commercial Banking,2025-04-30,Forecast,Treasury Fee,2.372,Fee / Noninterest Income,Revenue
Commercial Banking,2025-04-30,Prior Year,Deposit Balance,1396.736,Deposit Balance,Balance
Commercial Banking,2025-04-30,Prior Year,Deposit Fee,0.864,Fee / Noninterest Income,Revenue
Commercial Banking,2025-04-30,Prior Year,FX Fee,0.456,Fee / Noninterest Income,Revenue
Commercial Banking,2025-04-30,Prior Year,Loan Balance,1552.332,Loan Balance,Balance
Commercial Banking,2025-04-30,Prior Year,Loan Interest,5.258,Net Interest Income,Revenue
Commercial Banking,2025-04-30,Prior Year,Merchant Fee,1.116,Fee / Noninterest Income,Revenue
Commercial Banking,2025-04-30,Prior Year,Operating Expense,3.623,Operating Expense,Expense
Commercial Banking,2025-04-30,Prior Year,Treasury Fee,2.214,Fee / Noninterest Income,Revenue
Commercial Banking,2025-05-31,Actual,Deposit Balance,1517.563,Deposit Balance,Balance
Commercial Banking,2025-05-31,Actual,Deposit Fee,0.946,Fee / Noninterest Income,Revenue
Commercial Banking,2025-05-31,Actual,FX Fee,0.499,Fee / Noninterest Income,Revenue
Commercial Banking,2025-05-31,Actual,Loan Balance,1695.214,Loan Balance,Balance
Commercial Banking,2025-05-31,Actual,Loan Interest,5.712,Net Interest Income,Revenue
Commercial Banking,2025-05-31,Actual,Merchant Fee,1.215,Fee / Noninterest Income,Revenue
Commercial Banking,2025-05-31,Actual,Operating Expense,3.91,Operating Expense,Expense
Commercial Banking,2025-05-31,Actual,Treasury Fee,2.388,Fee / Noninterest Income,Revenue
Commercial Banking,2025-05-31,Budget,Deposit Balance,1492.718,Deposit Balance,Balance
Commercial Banking,2025-05-31,Budget,Deposit Fee,0.935,Fee / Noninterest Income,Revenue
Commercial Banking,2025-05-31,Budget,FX Fee,0.49,Fee / Noninterest Income,Revenue
Commercial Banking,2025-05-31,Budget,Loan Balance,1672.537,Loan Balance,Balance
Commercial Banking,2025-05-31,Budget,Loan Interest,5.709,Net Interest Income,Revenue
Commercial Banking,2025-05-31,Budget,Merchant Fee,1.185,Fee / Noninterest Income,Revenue
Commercial Banking,2025-05-31,Budget,Operating Expense,3.817,Operating Expense,Expense
Commercial Banking,2025-05-31,Budget,Treasury Fee,2.399,Fee / Noninterest Income,Revenue
Commercial Banking,2025-05-31,Forecast,Deposit Balance,1534.423,Deposit Balance,Balance
Commercial Banking,2025-05-31,Forecast,Deposit Fee,0.934,Fee / Noninterest Income,Revenue
Commercial Banking,2025-05-31,Forecast,FX Fee,0.495,Fee / Noninterest Income,Revenue
Commercial Banking,2025-05-31,Forecast,Loan Balance,1696.26,Loan Balance,Balance
Commercial Banking,2025-05-31,Forecast,Loan Interest,5.729,Net Interest Income,Revenue
Commercial Banking,2025-05-31,Forecast,Merchant Fee,1.217,Fee / Noninterest Income,Revenue
Commercial Banking,2025-05-31,Forecast,Operating Expense,3.95,Operating Expense,Expense
Commercial Banking,2025-05-31,Forecast,Treasury Fee,2.397,Fee / Noninterest Income,Revenue
Commercial Banking,2025-05-31,Prior Year,Deposit Balance,1416.552,Deposit Balance,Balance
Commercial Banking,2025-05-31,Prior Year,Deposit Fee,0.879,Fee / Noninterest Income,Revenue
Commercial Banking,2025-05-31,Prior Year,FX Fee,0.46,Fee / Noninterest Income,Revenue
Commercial Banking,2025-05-31,Prior Year,Loan Balance,1580.356,Loan Balance,Balance
Commercial Banking,2025-05-31,Prior Year,Loan Interest,5.381,Net Interest Income,Revenue
Commercial Banking,2025-05-31,Prior Year,Merchant Fee,1.136,Fee / Noninterest Income,Revenue
Commercial Banking,2025-05-31,Prior Year,Operating Expense,3.667,Operating Expense,Expense
Commercial Banking,2025-05-31,Prior Year,Treasury Fee,2.235,Fee / Noninterest Income,Revenue
Commercial Banking,2025-06-30,Actual,Deposit Balance,1522.718,Deposit Balance,Balance
Commercial Banking,2025-06-30,Actual,Deposit Fee,0.956,Fee / Noninterest Income,Revenue
Commercial Banking,2025-06-30,Actual,FX Fee,0.493,Fee / Noninterest Income,Revenue
Commercial Banking,2025-06-30,Actual,Loan Balance,1726.383,Loan Balance,Balance
Commercial Banking,2025-06-30,Actual,Loan Interest,5.757,Net Interest Income,Revenue
Commercial Banking,2025-06-30,Actual,Merchant Fee,1.207,Fee / Noninterest Income,Revenue
Commercial Banking,2025-06-30,Actual,Operating Expense,3.968,Operating Expense,Expense
Commercial Banking,2025-06-30,Actual,Treasury Fee,2.452,Fee / Noninterest Income,Revenue
Commercial Banking,2025-06-30,Budget,Deposit Balance,1520.804,Deposit Balance,Balance
Commercial Banking,2025-06-30,Budget,Deposit Fee,0.955,Fee / Noninterest Income,Revenue
Commercial Banking,2025-06-30,Budget,FX Fee,0.489,Fee / Noninterest Income,Revenue
Commercial Banking,2025-06-30,Budget,Loan Balance,1695.437,Loan Balance,Balance
Commercial Banking,2025-06-30,Budget,Loan Interest,5.76,Net Interest Income,Revenue
Commercial Banking,2025-06-30,Budget,Merchant Fee,1.208,Fee / Noninterest Income,Revenue
Commercial Banking,2025-06-30,Budget,Operating Expense,3.847,Operating Expense,Expense
Commercial Banking,2025-06-30,Budget,Treasury Fee,2.416,Fee / Noninterest Income,Revenue
Commercial Banking,2025-06-30,Forecast,Deposit Balance,1527.015,Deposit Balance,Balance
Commercial Banking,2025-06-30,Forecast,Deposit Fee,0.969,Fee / Noninterest Income,Revenue
Commercial Banking,2025-06-30,Forecast,FX Fee,0.494,Fee / Noninterest Income,Revenue
Commercial Banking,2025-06-30,Forecast,Loan Balance,1700.946,Loan Balance,Balance
Commercial Banking,2025-06-30,Forecast,Loan Interest,5.75,Net Interest Income,Revenue
Commercial Banking,2025-06-30,Forecast,Merchant Fee,1.219,Fee / Noninterest Income,Revenue
Commercial Banking,2025-06-30,Forecast,Operating Expense,3.991,Operating Expense,Expense
Commercial Banking,2025-06-30,Forecast,Treasury Fee,2.448,Fee / Noninterest Income,Revenue
Commercial Banking,2025-06-30,Prior Year,Deposit Balance,1453.542,Deposit Balance,Balance
Commercial Banking,2025-06-30,Prior Year,Deposit Fee,0.898,Fee / Noninterest Income,Revenue
Commercial Banking,2025-06-30,Prior Year,FX Fee,0.465,Fee / Noninterest Income,Revenue
Commercial Banking,2025-06-30,Prior Year,Loan Balance,1597.786,Loan Balance,Balance
Commercial Banking,2025-06-30,Prior Year,Loan Interest,5.393,Net Interest Income,Revenue
Commercial Banking,2025-06-30,Prior Year,Merchant Fee,1.159,Fee / Noninterest Income,Revenue
Commercial Banking,2025-06-30,Prior Year,Operating Expense,3.774,Operating Expense,Expense
Commercial Banking,2025-06-30,Prior Year,Treasury Fee,2.28,Fee / Noninterest Income,Revenue
Commercial Banking,2025-07-31,Actual,Deposit Balance,1546.782,Deposit Balance,Balance
Commercial Banking,2025-07-31,Actual,Deposit Fee,0.945,Fee / Noninterest Income,Revenue
Commercial Banking,2025-07-31,Actual,FX Fee,0.497,Fee / Noninterest Income,Revenue
Commercial Banking,2025-07-31,Actual,Loan Balance,1726.461,Loan Balance,Balance
Commercial Banking,2025-07-31,Actual,Loan Interest,5.778,Net Interest Income,Revenue
Commercial Banking,2025-07-31,Actual,Merchant Fee,1.235,Fee / Noninterest Income,Revenue
Commercial Banking,2025-07-31,Actual,Operating Expense,3.978,Operating Expense,Expense
Commercial Banking,2025-07-31,Actual,Treasury Fee,2.441,Fee / Noninterest Income,Revenue
Commercial Banking,2025-07-31,Budget,Deposit Balance,1521.924,Deposit Balance,Balance
Commercial Banking,2025-07-31,Budget,Deposit Fee,0.949,Fee / Noninterest Income,Revenue
Commercial Banking,2025-07-31,Budget,FX Fee,0.493,Fee / Noninterest Income,Revenue
Commercial Banking,2025-07-31,Budget,Loan Balance,1706.656,Loan Balance,Balance
Commercial Banking,2025-07-31,Budget,Loan Interest,5.776,Net Interest Income,Revenue
Commercial Banking,2025-07-31,Budget,Merchant Fee,1.223,Fee / Noninterest Income,Revenue
Commercial Banking,2025-07-31,Budget,Operating Expense,3.852,Operating Expense,Expense
Commercial Banking,2025-07-31,Budget,Treasury Fee,2.413,Fee / Noninterest Income,Revenue
Commercial Banking,2025-07-31,Forecast,Deposit Balance,1528.165,Deposit Balance,Balance
Commercial Banking,2025-07-31,Forecast,Deposit Fee,0.948,Fee / Noninterest Income,Revenue
Commercial Banking,2025-07-31,Forecast,FX Fee,0.497,Fee / Noninterest Income,Revenue
Commercial Banking,2025-07-31,Forecast,Loan Balance,1719.048,Loan Balance,Balance
Commercial Banking,2025-07-31,Forecast,Loan Interest,5.792,Net Interest Income,Revenue
Commercial Banking,2025-07-31,Forecast,Merchant Fee,1.221,Fee / Noninterest Income,Revenue
Commercial Banking,2025-07-31,Forecast,Operating Expense,3.99,Operating Expense,Expense
Commercial Banking,2025-07-31,Forecast,Treasury Fee,2.433,Fee / Noninterest Income,Revenue
Commercial Banking,2025-07-31,Prior Year,Deposit Balance,1449.646,Deposit Balance,Balance
Commercial Banking,2025-07-31,Prior Year,Deposit Fee,0.902,Fee / Noninterest Income,Revenue
Commercial Banking,2025-07-31,Prior Year,FX Fee,0.465,Fee / Noninterest Income,Revenue
Commercial Banking,2025-07-31,Prior Year,Loan Balance,1609.997,Loan Balance,Balance
Commercial Banking,2025-07-31,Prior Year,Loan Interest,5.454,Net Interest Income,Revenue
Commercial Banking,2025-07-31,Prior Year,Merchant Fee,1.1520000000000001,Fee / Noninterest Income,Revenue
Commercial Banking,2025-07-31,Prior Year,Operating Expense,3.76,Operating Expense,Expense
Commercial Banking,2025-07-31,Prior Year,Treasury Fee,2.291,Fee / Noninterest Income,Revenue
Commercial Banking,2025-08-31,Actual,Deposit Balance,1528.162,Deposit Balance,Balance
Commercial Banking,2025-08-31,Actual,Deposit Fee,0.94,Fee / Noninterest Income,Revenue
Commercial Banking,2025-08-31,Actual,FX Fee,0.497,Fee / Noninterest Income,Revenue
Commercial Banking,2025-08-31,Actual,Loan Balance,1717.974,Loan Balance,Balance
Commercial Banking,2025-08-31,Actual,Loan Interest,5.756,Net Interest Income,Revenue
Commercial Banking,2025-08-31,Actual,Merchant Fee,1.226,Fee / Noninterest Income,Revenue
Commercial Banking,2025-08-31,Actual,Operating Expense,3.971,Operating Expense,Expense
Commercial Banking,2025-08-31,Actual,Treasury Fee,2.43,Fee / Noninterest Income,Revenue
Commercial Banking,2025-08-31,Budget,Deposit Balance,1517.43,Deposit Balance,Balance
Commercial Banking,2025-08-31,Budget,Deposit Fee,0.93,Fee / Noninterest Income,Revenue
Commercial Banking,2025-08-31,Budget,FX Fee,0.491,Fee / Noninterest Income,Revenue
Commercial Banking,2025-08-31,Budget,Loan Balance,1717.372,Loan Balance,Balance
Commercial Banking,2025-08-31,Budget,Loan Interest,5.765,Net Interest Income,Revenue
Commercial Banking,2025-08-31,Budget,Merchant Fee,1.204,Fee / Noninterest Income,Revenue
Commercial Banking,2025-08-31,Budget,Operating Expense,3.834,Operating Expense,Expense
Commercial Banking,2025-08-31,Budget,Treasury Fee,2.394,Fee / Noninterest Income,Revenue
Commercial Banking,2025-08-31,Forecast,Deposit Balance,1533.184,Deposit Balance,Balance
Commercial Banking,2025-08-31,Forecast,Deposit Fee,0.944,Fee / Noninterest Income,Revenue
Commercial Banking,2025-08-31,Forecast,FX Fee,0.494,Fee / Noninterest Income,Revenue
Commercial Banking,2025-08-31,Forecast,Loan Balance,1725.732,Loan Balance,Balance
Commercial Banking,2025-08-31,Forecast,Loan Interest,5.733,Net Interest Income,Revenue
Commercial Banking,2025-08-31,Forecast,Merchant Fee,1.21,Fee / Noninterest Income,Revenue
Commercial Banking,2025-08-31,Forecast,Operating Expense,3.97,Operating Expense,Expense
Commercial Banking,2025-08-31,Forecast,Treasury Fee,2.431,Fee / Noninterest Income,Revenue
Commercial Banking,2025-08-31,Prior Year,Deposit Balance,1430.876,Deposit Balance,Balance
Commercial Banking,2025-08-31,Prior Year,Deposit Fee,0.888,Fee / Noninterest Income,Revenue
Commercial Banking,2025-08-31,Prior Year,FX Fee,0.462,Fee / Noninterest Income,Revenue
Commercial Banking,2025-08-31,Prior Year,Loan Balance,1641.865,Loan Balance,Balance
Commercial Banking,2025-08-31,Prior Year,Loan Interest,5.449,Net Interest Income,Revenue
Commercial Banking,2025-08-31,Prior Year,Merchant Fee,1.145,Fee / Noninterest Income,Revenue
Commercial Banking,2025-08-31,Prior Year,Operating Expense,3.755,Operating Expense,Expense
Commercial Banking,2025-08-31,Prior Year,Treasury Fee,2.2805,Fee / Noninterest Income,Revenue
Commercial Banking,2025-09-30,Actual,Deposit Balance,1523.804,Deposit Balance,Balance
Commercial Banking,2025-09-30,Actual,Deposit Fee,0.934,Fee / Noninterest Income,Revenue
Commercial Banking,2025-09-30,Actual,FX Fee,0.489,Fee / Noninterest Income,Revenue
Commercial Banking,2025-09-30,Actual,Loan Balance,1719.562,Loan Balance,Balance
Commercial Banking,2025-09-30,Actual,Loan Interest,5.726,Net Interest Income,Revenue
Commercial Banking,2025-09-30,Actual,Merchant Fee,1.216,Fee / Noninterest Income,Revenue
Commercial Banking,2025-09-30,Actual,Operating Expense,3.972,Operating Expense,Expense
Commercial Banking,2025-09-30,Actual,Treasury Fee,2.384,Fee / Noninterest Income,Revenue
Commercial Banking,2025-09-30,Budget,Deposit Balance,1512.624,Deposit Balance,Balance
Commercial Banking,2025-09-30,Budget,Deposit Fee,0.934,Fee / Noninterest Income,Revenue
Commercial Banking,2025-09-30,Budget,FX Fee,0.485,Fee / Noninterest Income,Revenue
Commercial Banking,2025-09-30,Budget,Loan Balance,1670.742,Loan Balance,Balance
Commercial Banking,2025-09-30,Budget,Loan Interest,5.656,Net Interest Income,Revenue
Commercial Banking,2025-09-30,Budget,Merchant Fee,1.202,Fee / Noninterest Income,Revenue
Commercial Banking,2025-09-30,Budget,Operating Expense,3.804,Operating Expense,Expense
Commercial Banking,2025-09-30,Budget,Treasury Fee,2.393,Fee / Noninterest Income,Revenue
Commercial Banking,2025-09-30,Forecast,Deposit Balance,1514.375,Deposit Balance,Balance
Commercial Banking,2025-09-30,Forecast,Deposit Fee,0.935,Fee / Noninterest Income,Revenue
Commercial Banking,2025-09-30,Forecast,FX Fee,0.491,Fee / Noninterest Income,Revenue
Commercial Banking,2025-09-30,Forecast,Loan Balance,1687.488,Loan Balance,Balance
Commercial Banking,2025-09-30,Forecast,Loan Interest,5.743,Net Interest Income,Revenue
Commercial Banking,2025-09-30,Forecast,Merchant Fee,1.194,Fee / Noninterest Income,Revenue
Commercial Banking,2025-09-30,Forecast,Operating Expense,3.864,Operating Expense,Expense
Commercial Banking,2025-09-30,Forecast,Treasury Fee,2.388,Fee / Noninterest Income,Revenue
Commercial Banking,2025-09-30,Prior Year,Deposit Balance,1413.82,Deposit Balance,Balance
Commercial Banking,2025-09-30,Prior Year,Deposit Fee,0.881,Fee / Noninterest Income,Revenue
Commercial Banking,2025-09-30,Prior Year,FX Fee,0.4575,Fee / Noninterest Income,Revenue
Commercial Banking,2025-09-30,Prior Year,Loan Balance,1590.791,Loan Balance,Balance
Commercial Banking,2025-09-30,Prior Year,Loan Interest,5.374,Net Interest Income,Revenue
Commercial Banking,2025-09-30,Prior Year,Merchant Fee,1.14,Fee / Noninterest Income,Revenue
Commercial Banking,2025-09-30,Prior Year,Operating Expense,3.711,Operating Expense,Expense
Commercial Banking,2025-09-30,Prior Year,Treasury Fee,2.27,Fee / Noninterest Income,Revenue
Commercial Banking,2025-10-31,Actual,Deposit Balance,1512.065,Deposit Balance,Balance
Commercial Banking,2025-10-31,Actual,Deposit Fee,0.929,Fee / Noninterest Income,Revenue
Commercial Banking,2025-10-31,Actual,FX Fee,0.49,Fee / Noninterest Income,Revenue
Commercial Banking,2025-10-31,Actual,Loan Balance,1710.719,Loan Balance,Balance
Commercial Banking,2025-10-31,Actual,Loan Interest,5.666,Net Interest Income,Revenue
Commercial Banking,2025-10-31,Actual,Merchant Fee,1.2,Fee / Noninterest Income,Revenue
Commercial Banking,2025-10-31,Actual,Operating Expense,3.933,Operating Expense,Expense
Commercial Banking,2025-10-31,Actual,Treasury Fee,2.38,Fee / Noninterest Income,Revenue
Commercial Banking,2025-10-31,Budget,Deposit Balance,1509.126,Deposit Balance,Balance
Commercial Banking,2025-10-31,Budget,Deposit Fee,0.919,Fee / Noninterest Income,Revenue
Commercial Banking,2025-10-31,Budget,FX Fee,0.477,Fee / Noninterest Income,Revenue
Commercial Banking,2025-10-31,Budget,Loan Balance,1667.565,Loan Balance,Balance
Commercial Banking,2025-10-31,Budget,Loan Interest,5.579,Net Interest Income,Revenue
Commercial Banking,2025-10-31,Budget,Merchant Fee,1.1945000000000001,Fee / Noninterest Income,Revenue
Commercial Banking,2025-10-31,Budget,Operating Expense,3.772,Operating Expense,Expense
Commercial Banking,2025-10-31,Budget,Treasury Fee,2.332,Fee / Noninterest Income,Revenue
Commercial Banking,2025-10-31,Forecast,Deposit Balance,1506.525,Deposit Balance,Balance
Commercial Banking,2025-10-31,Forecast,Deposit Fee,0.926,Fee / Noninterest Income,Revenue
Commercial Banking,2025-10-31,Forecast,FX Fee,0.483,Fee / Noninterest Income,Revenue
Commercial Banking,2025-10-31,Forecast,Loan Balance,1681.241,Loan Balance,Balance
Commercial Banking,2025-10-31,Forecast,Loan Interest,5.662,Net Interest Income,Revenue
Commercial Banking,2025-10-31,Forecast,Merchant Fee,1.184,Fee / Noninterest Income,Revenue
Commercial Banking,2025-10-31,Forecast,Operating Expense,3.873,Operating Expense,Expense
Commercial Banking,2025-10-31,Forecast,Treasury Fee,2.356,Fee / Noninterest Income,Revenue
Commercial Banking,2025-10-31,Prior Year,Deposit Balance,1428.456,Deposit Balance,Balance
Commercial Banking,2025-10-31,Prior Year,Deposit Fee,0.875,Fee / Noninterest Income,Revenue
Commercial Banking,2025-10-31,Prior Year,FX Fee,0.453,Fee / Noninterest Income,Revenue
Commercial Banking,2025-10-31,Prior Year,Loan Balance,1592.343,Loan Balance,Balance
Commercial Banking,2025-10-31,Prior Year,Loan Interest,5.33,Net Interest Income,Revenue
Commercial Banking,2025-10-31,Prior Year,Merchant Fee,1.117,Fee / Noninterest Income,Revenue
Commercial Banking,2025-10-31,Prior Year,Operating Expense,3.688,Operating Expense,Expense
Commercial Banking,2025-10-31,Prior Year,Treasury Fee,2.246,Fee / Noninterest Income,Revenue
Commercial Banking,2025-11-30,Actual,Deposit Balance,1520.457,Deposit Balance,Balance
Commercial Banking,2025-11-30,Actual,Deposit Fee,0.925,Fee / Noninterest Income,Revenue
Commercial Banking,2025-11-30,Actual,FX Fee,0.4865,Fee / Noninterest Income,Revenue
Commercial Banking,2025-11-30,Actual,Loan Balance,1683.206,Loan Balance,Balance
Commercial Banking,2025-11-30,Actual,Loan Interest,5.655,Net Interest Income,Revenue
Commercial Banking,2025-11-30,Actual,Merchant Fee,1.19,Fee / Noninterest Income,Revenue
Commercial Banking,2025-11-30,Actual,Operating Expense,3.894,Operating Expense,Expense
Commercial Banking,2025-11-30,Actual,Treasury Fee,2.386,Fee / Noninterest Income,Revenue
Commercial Banking,2025-11-30,Budget,Deposit Balance,1488.577,Deposit Balance,Balance
Commercial Banking,2025-11-30,Budget,Deposit Fee,0.904,Fee / Noninterest Income,Revenue
Commercial Banking,2025-11-30,Budget,FX Fee,0.471,Fee / Noninterest Income,Revenue
Commercial Banking,2025-11-30,Budget,Loan Balance,1670.312,Loan Balance,Balance
Commercial Banking,2025-11-30,Budget,Loan Interest,5.542,Net Interest Income,Revenue
Commercial Banking,2025-11-30,Budget,Merchant Fee,1.187,Fee / Noninterest Income,Revenue
Commercial Banking,2025-11-30,Budget,Operating Expense,3.7645,Operating Expense,Expense
Commercial Banking,2025-11-30,Budget,Treasury Fee,2.319,Fee / Noninterest Income,Revenue
Commercial Banking,2025-11-30,Forecast,Deposit Balance,1475.481,Deposit Balance,Balance
Commercial Banking,2025-11-30,Forecast,Deposit Fee,0.922,Fee / Noninterest Income,Revenue
Commercial Banking,2025-11-30,Forecast,FX Fee,0.482,Fee / Noninterest Income,Revenue
Commercial Banking,2025-11-30,Forecast,Loan Balance,1691.244,Loan Balance,Balance
Commercial Banking,2025-11-30,Forecast,Loan Interest,5.632,Net Interest Income,Revenue
Commercial Banking,2025-11-30,Forecast,Merchant Fee,1.178,Fee / Noninterest Income,Revenue
Commercial Banking,2025-11-30,Forecast,Operating Expense,3.863,Operating Expense,Expense
Commercial Banking,2025-11-30,Forecast,Treasury Fee,2.348,Fee / Noninterest Income,Revenue
Commercial Banking,2025-11-30,Prior Year,Deposit Balance,1429.873,Deposit Balance,Balance
Commercial Banking,2025-11-30,Prior Year,Deposit Fee,0.869,Fee / Noninterest Income,Revenue
Commercial Banking,2025-11-30,Prior Year,FX Fee,0.454,Fee / Noninterest Income,Revenue
Commercial Banking,2025-11-30,Prior Year,Loan Balance,1583.047,Loan Balance,Balance
Commercial Banking,2025-11-30,Prior Year,Loan Interest,5.239,Net Interest Income,Revenue
Commercial Banking,2025-11-30,Prior Year,Merchant Fee,1.107,Fee / Noninterest Income,Revenue
Commercial Banking,2025-11-30,Prior Year,Operating Expense,3.607,Operating Expense,Expense
Commercial Banking,2025-11-30,Prior Year,Treasury Fee,2.232,Fee / Noninterest Income,Revenue
Commercial Banking,2025-12-31,Actual,Deposit Balance,1506.516,Deposit Balance,Balance
Commercial Banking,2025-12-31,Actual,Deposit Fee,0.93,Fee / Noninterest Income,Revenue
Commercial Banking,2025-12-31,Actual,FX Fee,0.483,Fee / Noninterest Income,Revenue
Commercial Banking,2025-12-31,Actual,Loan Balance,1683.173,Loan Balance,Balance
Commercial Banking,2025-12-31,Actual,Loan Interest,5.664,Net Interest Income,Revenue
Commercial Banking,2025-12-31,Actual,Merchant Fee,1.185,Fee / Noninterest Income,Revenue
Commercial Banking,2025-12-31,Actual,Operating Expense,3.89,Operating Expense,Expense
Commercial Banking,2025-12-31,Actual,Treasury Fee,2.395,Fee / Noninterest Income,Revenue
Commercial Banking,2025-12-31,Budget,Deposit Balance,1487.95,Deposit Balance,Balance
Commercial Banking,2025-12-31,Budget,Deposit Fee,0.916,Fee / Noninterest Income,Revenue
Commercial Banking,2025-12-31,Budget,FX Fee,0.481,Fee / Noninterest Income,Revenue
Commercial Banking,2025-12-31,Budget,Loan Balance,1671.847,Loan Balance,Balance
Commercial Banking,2025-12-31,Budget,Loan Interest,5.548,Net Interest Income,Revenue
Commercial Banking,2025-12-31,Budget,Merchant Fee,1.162,Fee / Noninterest Income,Revenue
Commercial Banking,2025-12-31,Budget,Operating Expense,3.757,Operating Expense,Expense
Commercial Banking,2025-12-31,Budget,Treasury Fee,2.322,Fee / Noninterest Income,Revenue
Commercial Banking,2025-12-31,Forecast,Deposit Balance,1494.743,Deposit Balance,Balance
Commercial Banking,2025-12-31,Forecast,Deposit Fee,0.919,Fee / Noninterest Income,Revenue
Commercial Banking,2025-12-31,Forecast,FX Fee,0.476,Fee / Noninterest Income,Revenue
Commercial Banking,2025-12-31,Forecast,Loan Balance,1679.637,Loan Balance,Balance
Commercial Banking,2025-12-31,Forecast,Loan Interest,5.579,Net Interest Income,Revenue
Commercial Banking,2025-12-31,Forecast,Merchant Fee,1.18,Fee / Noninterest Income,Revenue
Commercial Banking,2025-12-31,Forecast,Operating Expense,3.831,Operating Expense,Expense
Commercial Banking,2025-12-31,Forecast,Treasury Fee,2.355,Fee / Noninterest Income,Revenue
Commercial Banking,2025-12-31,Prior Year,Deposit Balance,1404.649,Deposit Balance,Balance
Commercial Banking,2025-12-31,Prior Year,Deposit Fee,0.862,Fee / Noninterest Income,Revenue
Commercial Banking,2025-12-31,Prior Year,FX Fee,0.451,Fee / Noninterest Income,Revenue
Commercial Banking,2025-12-31,Prior Year,Loan Balance,1567.468,Loan Balance,Balance
Commercial Banking,2025-12-31,Prior Year,Loan Interest,5.304,Net Interest Income,Revenue
Commercial Banking,2025-12-31,Prior Year,Merchant Fee,1.116,Fee / Noninterest Income,Revenue
Commercial Banking,2025-12-31,Prior Year,Operating Expense,3.615,Operating Expense,Expense
Commercial Banking,2025-12-31,Prior Year,Treasury Fee,2.211,Fee / Noninterest Income,Revenue
Commercial Banking,2026-01-31,Actual,Deposit Balance,1515.073,Deposit Balance,Balance
Commercial Banking,2026-01-31,Actual,Deposit Fee,0.945,Fee / Noninterest Income,Revenue
Commercial Banking,2026-01-31,Actual,FX Fee,0.488,Fee / Noninterest Income,Revenue
Commercial Banking,2026-01-31,Actual,Loan Balance,1715.625,Loan Balance,Balance
Commercial Banking,2026-01-31,Actual,Loan Interest,5.735,Net Interest Income,Revenue
Commercial Banking,2026-01-31,Actual,Merchant Fee,1.202,Fee / Noninterest Income,Revenue
Commercial Banking,2026-01-31,Actual,Operating Expense,3.966,Operating Expense,Expense
Commercial Banking,2026-01-31,Actual,Treasury Fee,2.416,Fee / Noninterest Income,Revenue
Commercial Banking,2026-01-31,Budget,Deposit Balance,1511.635,Deposit Balance,Balance
Commercial Banking,2026-01-31,Budget,Deposit Fee,0.921,Fee / Noninterest Income,Revenue
Commercial Banking,2026-01-31,Budget,FX Fee,0.481,Fee / Noninterest Income,Revenue
Commercial Banking,2026-01-31,Budget,Loan Balance,1676.564,Loan Balance,Balance
Commercial Banking,2026-01-31,Budget,Loan Interest,5.572,Net Interest Income,Revenue
Commercial Banking,2026-01-31,Budget,Merchant Fee,1.184,Fee / Noninterest Income,Revenue
Commercial Banking,2026-01-31,Budget,Operating Expense,3.787,Operating Expense,Expense
Commercial Banking,2026-01-31,Budget,Treasury Fee,2.358,Fee / Noninterest Income,Revenue
Commercial Banking,2026-01-31,Forecast,Deposit Balance,1517.135,Deposit Balance,Balance
Commercial Banking,2026-01-31,Forecast,Deposit Fee,0.926,Fee / Noninterest Income,Revenue
Commercial Banking,2026-01-31,Forecast,FX Fee,0.481,Fee / Noninterest Income,Revenue
Commercial Banking,2026-01-31,Forecast,Loan Balance,1676.623,Loan Balance,Balance
Commercial Banking,2026-01-31,Forecast,Loan Interest,5.635,Net Interest Income,Revenue
Commercial Banking,2026-01-31,Forecast,Merchant Fee,1.168,Fee / Noninterest Income,Revenue
Commercial Banking,2026-01-31,Forecast,Operating Expense,3.87,Operating Expense,Expense
Commercial Banking,2026-01-31,Forecast,Treasury Fee,2.353,Fee / Noninterest Income,Revenue
Commercial Banking,2026-01-31,Prior Year,Deposit Balance,1427.966,Deposit Balance,Balance
Commercial Banking,2026-01-31,Prior Year,Deposit Fee,0.874,Fee / Noninterest Income,Revenue
Commercial Banking,2026-01-31,Prior Year,FX Fee,0.453,Fee / Noninterest Income,Revenue
Commercial Banking,2026-01-31,Prior Year,Loan Balance,1579.218,Loan Balance,Balance
Commercial Banking,2026-01-31,Prior Year,Loan Interest,5.296,Net Interest Income,Revenue
Commercial Banking,2026-01-31,Prior Year,Merchant Fee,1.116,Fee / Noninterest Income,Revenue
Commercial Banking,2026-01-31,Prior Year,Operating Expense,3.625,Operating Expense,Expense
Commercial Banking,2026-01-31,Prior Year,Treasury Fee,2.248,Fee / Noninterest Income,Revenue
Commercial Banking,2026-02-28,Actual,Deposit Balance,1549.397,Deposit Balance,Balance
Commercial Banking,2026-02-28,Actual,Deposit Fee,0.949,Fee / Noninterest Income,Revenue
Commercial Banking,2026-02-28,Actual,FX Fee,0.495,Fee / Noninterest Income,Revenue
Commercial Banking,2026-02-28,Actual,Loan Balance,1705.302,Loan Balance,Balance
Commercial Banking,2026-02-28,Actual,Loan Interest,5.85,Net Interest Income,Revenue
Commercial Banking,2026-02-28,Actual,Merchant Fee,1.215,Fee / Noninterest Income,Revenue
Commercial Banking,2026-02-28,Actual,Operating Expense,3.99,Operating Expense,Expense
Commercial Banking,2026-02-28,Actual,Treasury Fee,2.453,Fee / Noninterest Income,Revenue
Commercial Banking,2026-02-28,Budget,Deposit Balance,1489.786,Deposit Balance,Balance
Commercial Banking,2026-02-28,Budget,Deposit Fee,0.924,Fee / Noninterest Income,Revenue
Commercial Banking,2026-02-28,Budget,FX Fee,0.483,Fee / Noninterest Income,Revenue
Commercial Banking,2026-02-28,Budget,Loan Balance,1692.768,Loan Balance,Balance
Commercial Banking,2026-02-28,Budget,Loan Interest,5.653,Net Interest Income,Revenue
Commercial Banking,2026-02-28,Budget,Merchant Fee,1.195,Fee / Noninterest Income,Revenue
Commercial Banking,2026-02-28,Budget,Operating Expense,3.839,Operating Expense,Expense
Commercial Banking,2026-02-28,Budget,Treasury Fee,2.368,Fee / Noninterest Income,Revenue
Commercial Banking,2026-02-28,Forecast,Deposit Balance,1532.979,Deposit Balance,Balance
Commercial Banking,2026-02-28,Forecast,Deposit Fee,0.943,Fee / Noninterest Income,Revenue
Commercial Banking,2026-02-28,Forecast,FX Fee,0.493,Fee / Noninterest Income,Revenue
Commercial Banking,2026-02-28,Forecast,Loan Balance,1706.592,Loan Balance,Balance
Commercial Banking,2026-02-28,Forecast,Loan Interest,5.663,Net Interest Income,Revenue
Commercial Banking,2026-02-28,Forecast,Merchant Fee,1.199,Fee / Noninterest Income,Revenue
Commercial Banking,2026-02-28,Forecast,Operating Expense,3.906,Operating Expense,Expense
Commercial Banking,2026-02-28,Forecast,Treasury Fee,2.386,Fee / Noninterest Income,Revenue
Commercial Banking,2026-02-28,Prior Year,Deposit Balance,1435.448,Deposit Balance,Balance
Commercial Banking,2026-02-28,Prior Year,Deposit Fee,0.882,Fee / Noninterest Income,Revenue
Commercial Banking,2026-02-28,Prior Year,FX Fee,0.464,Fee / Noninterest Income,Revenue
Commercial Banking,2026-02-28,Prior Year,Loan Balance,1604.824,Loan Balance,Balance
Commercial Banking,2026-02-28,Prior Year,Loan Interest,5.363,Net Interest Income,Revenue
Commercial Banking,2026-02-28,Prior Year,Merchant Fee,1.131,Fee / Noninterest Income,Revenue
Commercial Banking,2026-02-28,Prior Year,Operating Expense,3.729,Operating Expense,Expense
Commercial Banking,2026-02-28,Prior Year,Treasury Fee,2.27,Fee / Noninterest Income,Revenue
Commercial Banking,2026-03-31,Actual,Deposit Balance,1570.65,Deposit Balance,Balance
Commercial Banking,2026-03-31,Actual,Deposit Fee,0.969,Fee / Noninterest Income,Revenue
Commercial Banking,2026-03-31,Actual,FX Fee,0.509,Fee / Noninterest Income,Revenue
Commercial Banking,2026-03-31,Actual,Loan Balance,1764.587,Loan Balance,Balance
Commercial Banking,2026-03-31,Actual,Loan Interest,5.871,Net Interest Income,Revenue
Commercial Banking,2026-03-31,Actual,Merchant Fee,1.244,Fee / Noninterest Income,Revenue
Commercial Banking,2026-03-31,Actual,Operating Expense,4.029,Operating Expense,Expense
Commercial Banking,2026-03-31,Actual,Treasury Fee,2.482,Fee / Noninterest Income,Revenue
Commercial Banking,2026-03-31,Budget,Deposit Balance,1565.75,Deposit Balance,Balance
Commercial Banking,2026-03-31,Budget,Deposit Fee,0.948,Fee / Noninterest Income,Revenue
Commercial Banking,2026-03-31,Budget,FX Fee,0.501,Fee / Noninterest Income,Revenue
Commercial Banking,2026-03-31,Budget,Loan Balance,1733.502,Loan Balance,Balance
Commercial Banking,2026-03-31,Budget,Loan Interest,5.698,Net Interest Income,Revenue
Commercial Banking,2026-03-31,Budget,Merchant Fee,1.207,Fee / Noninterest Income,Revenue
Commercial Banking,2026-03-31,Budget,Operating Expense,3.904,Operating Expense,Expense
Commercial Banking,2026-03-31,Budget,Treasury Fee,2.432,Fee / Noninterest Income,Revenue
Commercial Banking,2026-03-31,Forecast,Deposit Balance,1557.084,Deposit Balance,Balance
Commercial Banking,2026-03-31,Forecast,Deposit Fee,0.958,Fee / Noninterest Income,Revenue
Commercial Banking,2026-03-31,Forecast,FX Fee,0.492,Fee / Noninterest Income,Revenue
Commercial Banking,2026-03-31,Forecast,Loan Balance,1737.066,Loan Balance,Balance
Commercial Banking,2026-03-31,Forecast,Loan Interest,5.772,Net Interest Income,Revenue
Commercial Banking,2026-03-31,Forecast,Merchant Fee,1.226,Fee / Noninterest Income,Revenue
Commercial Banking,2026-03-31,Forecast,Operating Expense,4.008,Operating Expense,Expense
Commercial Banking,2026-03-31,Forecast,Treasury Fee,2.453,Fee / Noninterest Income,Revenue
Commercial Banking,2026-03-31,Prior Year,Deposit Balance,1462.82,Deposit Balance,Balance
Commercial Banking,2026-03-31,Prior Year,Deposit Fee,0.891,Fee / Noninterest Income,Revenue
Commercial Banking,2026-03-31,Prior Year,FX Fee,0.465,Fee / Noninterest Income,Revenue
Commercial Banking,2026-03-31,Prior Year,Loan Balance,1636.666,Loan Balance,Balance
Commercial Banking,2026-03-31,Prior Year,Loan Interest,5.414,Net Interest Income,Revenue
Commercial Banking,2026-03-31,Prior Year,Merchant Fee,1.154,Fee / Noninterest Income,Revenue
Commercial Banking,2026-03-31,Prior Year,Operating Expense,3.699,Operating Expense,Expense
Commercial Banking,2026-03-31,Prior Year,Treasury Fee,2.294,Fee / Noninterest Income,Revenue
Commercial Banking,2026-04-30,Actual,Deposit Balance,1616.686,Deposit Balance,Balance
Commercial Banking,2026-04-30,Actual,Deposit Fee,0.972,Fee / Noninterest Income,Revenue
Commercial Banking,2026-04-30,Actual,FX Fee,0.517,Fee / Noninterest Income,Revenue
Commercial Banking,2026-04-30,Actual,Loan Balance,1832.69,Loan Balance,Balance
Commercial Banking,2026-04-30,Actual,Loan Interest,6.09,Net Interest Income,Revenue
Commercial Banking,2026-04-30,Actual,Merchant Fee,1.253,Fee / Noninterest Income,Revenue
Commercial Banking,2026-04-30,Actual,Operating Expense,4.089,Operating Expense,Expense
Commercial Banking,2026-04-30,Actual,Treasury Fee,2.518,Fee / Noninterest Income,Revenue
Commercial Banking,2026-04-30,Budget,Deposit Balance,1573.915,Deposit Balance,Balance
Commercial Banking,2026-04-30,Budget,Deposit Fee,0.962,Fee / Noninterest Income,Revenue
Commercial Banking,2026-04-30,Budget,FX Fee,0.502,Fee / Noninterest Income,Revenue
Commercial Banking,2026-04-30,Budget,Loan Balance,1806.981,Loan Balance,Balance
Commercial Banking,2026-04-30,Budget,Loan Interest,6.02,Net Interest Income,Revenue
Commercial Banking,2026-04-30,Budget,Merchant Fee,1.243,Fee / Noninterest Income,Revenue
Commercial Banking,2026-04-30,Budget,Operating Expense,3.97,Operating Expense,Expense
Commercial Banking,2026-04-30,Budget,Treasury Fee,2.46,Fee / Noninterest Income,Revenue
Commercial Banking,2026-04-30,Forecast,Deposit Balance,1590.661,Deposit Balance,Balance
Commercial Banking,2026-04-30,Forecast,Deposit Fee,0.98,Fee / Noninterest Income,Revenue
Commercial Banking,2026-04-30,Forecast,FX Fee,0.509,Fee / Noninterest Income,Revenue
Commercial Banking,2026-04-30,Forecast,Loan Balance,1811.012,Loan Balance,Balance
Commercial Banking,2026-04-30,Forecast,Loan Interest,5.997,Net Interest Income,Revenue
Commercial Banking,2026-04-30,Forecast,Merchant Fee,1.247,Fee / Noninterest Income,Revenue
Commercial Banking,2026-04-30,Forecast,Operating Expense,4.066,Operating Expense,Expense
Commercial Banking,2026-04-30,Forecast,Treasury Fee,2.484,Fee / Noninterest Income,Revenue
Commercial Banking,2026-04-30,Prior Year,Deposit Balance,1485.337,Deposit Balance,Balance
Commercial Banking,2026-04-30,Prior Year,Deposit Fee,0.901,Fee / Noninterest Income,Revenue
Commercial Banking,2026-04-30,Prior Year,FX Fee,0.479,Fee / Noninterest Income,Revenue
Commercial Banking,2026-04-30,Prior Year,Loan Balance,1692.398,Loan Balance,Balance
Commercial Banking,2026-04-30,Prior Year,Loan Interest,5.648,Net Interest Income,Revenue
Commercial Banking,2026-04-30,Prior Year,Merchant Fee,1.154,Fee / Noninterest Income,Revenue
Commercial Banking,2026-04-30,Prior Year,Operating Expense,3.796,Operating Expense,Expense
Commercial Banking,2026-04-30,Prior Year,Treasury Fee,2.295,Fee / Noninterest Income,Revenue
Commercial Banking,2026-05-31,Actual,Deposit Balance,1655.782,Deposit Balance,Balance
Commercial Banking,2026-05-31,Actual,Deposit Fee,0.996,Fee / Noninterest Income,Revenue
Commercial Banking,2026-05-31,Actual,FX Fee,0.516,Fee / Noninterest Income,Revenue
Commercial Banking,2026-05-31,Actual,Loan Balance,1915.315,Loan Balance,Balance
Commercial Banking,2026-05-31,Actual,Loan Interest,6.236,Net Interest Income,Revenue
Commercial Banking,2026-05-31,Actual,Merchant Fee,1.274,Fee / Noninterest Income,Revenue
Commercial Banking,2026-05-31,Actual,Operating Expense,4.174,Operating Expense,Expense
Commercial Banking,2026-05-31,Actual,Treasury Fee,2.547,Fee / Noninterest Income,Revenue
Commercial Banking,2026-05-31,Budget,Deposit Balance,1620.387,Deposit Balance,Balance
Commercial Banking,2026-05-31,Budget,Deposit Fee,0.987,Fee / Noninterest Income,Revenue
Commercial Banking,2026-05-31,Budget,FX Fee,0.511,Fee / Noninterest Income,Revenue
Commercial Banking,2026-05-31,Budget,Loan Balance,1886.039,Loan Balance,Balance
Commercial Banking,2026-05-31,Budget,Loan Interest,6.242,Net Interest Income,Revenue
Commercial Banking,2026-05-31,Budget,Merchant Fee,1.276,Fee / Noninterest Income,Revenue
Commercial Banking,2026-05-31,Budget,Operating Expense,4.023,Operating Expense,Expense
Commercial Banking,2026-05-31,Budget,Treasury Fee,2.527,Fee / Noninterest Income,Revenue
Commercial Banking,2026-05-31,Forecast,Deposit Balance,1620.715,Deposit Balance,Balance
Commercial Banking,2026-05-31,Forecast,Deposit Fee,0.983,Fee / Noninterest Income,Revenue
Commercial Banking,2026-05-31,Forecast,FX Fee,0.517,Fee / Noninterest Income,Revenue
Commercial Banking,2026-05-31,Forecast,Loan Balance,1876.348,Loan Balance,Balance
Commercial Banking,2026-05-31,Forecast,Loan Interest,6.275,Net Interest Income,Revenue
Commercial Banking,2026-05-31,Forecast,Merchant Fee,1.277,Fee / Noninterest Income,Revenue
Commercial Banking,2026-05-31,Forecast,Operating Expense,4.146,Operating Expense,Expense
Commercial Banking,2026-05-31,Forecast,Treasury Fee,2.538,Fee / Noninterest Income,Revenue
Commercial Banking,2026-05-31,Prior Year,Deposit Balance,1505.49,Deposit Balance,Balance
Commercial Banking,2026-05-31,Prior Year,Deposit Fee,0.908,Fee / Noninterest Income,Revenue
Commercial Banking,2026-05-31,Prior Year,FX Fee,0.477,Fee / Noninterest Income,Revenue
Commercial Banking,2026-05-31,Prior Year,Loan Balance,1751.122,Loan Balance,Balance
Commercial Banking,2026-05-31,Prior Year,Loan Interest,5.774,Net Interest Income,Revenue
Commercial Banking,2026-05-31,Prior Year,Merchant Fee,1.189,Fee / Noninterest Income,Revenue
Commercial Banking,2026-05-31,Prior Year,Operating Expense,3.786,Operating Expense,Expense
Commercial Banking,2026-05-31,Prior Year,Treasury Fee,2.344,Fee / Noninterest Income,Revenue
Commercial Banking,2026-06-30,Actual,Deposit Balance,1668.554,Deposit Balance,Balance
Commercial Banking,2026-06-30,Actual,Deposit Fee,1.005,Fee / Noninterest Income,Revenue
Commercial Banking,2026-06-30,Actual,FX Fee,0.526,Fee / Noninterest Income,Revenue
Commercial Banking,2026-06-30,Actual,Loan Balance,1955.935,Loan Balance,Balance
Commercial Banking,2026-06-30,Actual,Loan Interest,6.445,Net Interest Income,Revenue
Commercial Banking,2026-06-30,Actual,Merchant Fee,1.27,Fee / Noninterest Income,Revenue
Commercial Banking,2026-06-30,Actual,Operating Expense,4.173,Operating Expense,Expense
Commercial Banking,2026-06-30,Actual,Treasury Fee,2.555,Fee / Noninterest Income,Revenue
Commercial Banking,2026-06-30,Budget,Deposit Balance,1635.524,Deposit Balance,Balance
Commercial Banking,2026-06-30,Budget,Deposit Fee,0.988,Fee / Noninterest Income,Revenue
Commercial Banking,2026-06-30,Budget,FX Fee,0.514,Fee / Noninterest Income,Revenue
Commercial Banking,2026-06-30,Budget,Loan Balance,1913.668,Loan Balance,Balance
Commercial Banking,2026-06-30,Budget,Loan Interest,6.373,Net Interest Income,Revenue
Commercial Banking,2026-06-30,Budget,Merchant Fee,1.272,Fee / Noninterest Income,Revenue
Commercial Banking,2026-06-30,Budget,Operating Expense,4.053,Operating Expense,Expense
Commercial Banking,2026-06-30,Budget,Treasury Fee,2.529,Fee / Noninterest Income,Revenue
Commercial Banking,2026-06-30,Forecast,Deposit Balance,1626.24,Deposit Balance,Balance
Commercial Banking,2026-06-30,Forecast,Deposit Fee,1.0,Fee / Noninterest Income,Revenue
Commercial Banking,2026-06-30,Forecast,FX Fee,0.518,Fee / Noninterest Income,Revenue
Commercial Banking,2026-06-30,Forecast,Loan Balance,1952.24,Loan Balance,Balance
Commercial Banking,2026-06-30,Forecast,Loan Interest,6.353,Net Interest Income,Revenue
Commercial Banking,2026-06-30,Forecast,Merchant Fee,1.273,Fee / Noninterest Income,Revenue
Commercial Banking,2026-06-30,Forecast,Operating Expense,4.176,Operating Expense,Expense
Commercial Banking,2026-06-30,Forecast,Treasury Fee,2.542,Fee / Noninterest Income,Revenue
Commercial Banking,2026-06-30,Prior Year,Deposit Balance,1517.839,Deposit Balance,Balance
Commercial Banking,2026-06-30,Prior Year,Deposit Fee,0.923,Fee / Noninterest Income,Revenue
Commercial Banking,2026-06-30,Prior Year,FX Fee,0.488,Fee / Noninterest Income,Revenue
Commercial Banking,2026-06-30,Prior Year,Loan Balance,1794.6,Loan Balance,Balance
Commercial Banking,2026-06-30,Prior Year,Loan Interest,5.904,Net Interest Income,Revenue
Commercial Banking,2026-06-30,Prior Year,Merchant Fee,1.17,Fee / Noninterest Income,Revenue
Commercial Banking,2026-06-30,Prior Year,Operating Expense,3.891,Operating Expense,Expense
Commercial Banking,2026-06-30,Prior Year,Treasury Fee,2.33,Fee / Noninterest Income,Revenue
Commercial Real Estate,2025-04-30,Actual,Commercial Mortgage Balance,1903.27,Commercial Mortgage Balance,Balance
Commercial Real Estate,2025-04-30,Actual,Credit Provision,0.461,Credit Provision,Credit
Commercial Real Estate,2025-04-30,Actual,Interest Income,6.296,Net Interest Income,Revenue
Commercial Real Estate,2025-04-30,Actual,Loan Servicing Fee,0.34,Fee / Noninterest Income,Revenue
Commercial Real Estate,2025-04-30,Actual,Nonperforming Loan Proxy,20.101,Nonperforming Loan Proxy,Balance
Commercial Real Estate,2025-04-30,Actual,Operating Expense,2.163,Operating Expense,Expense
Commercial Real Estate,2025-04-30,Actual,Origination Fee,0.779,Fee / Noninterest Income,Revenue
Commercial Real Estate,2025-04-30,Actual,Other Fee Income,0.159,Other Revenue,Revenue
Commercial Real Estate,2025-04-30,Actual,Prepayment Fee,0.218,Fee / Noninterest Income,Revenue
Commercial Real Estate,2025-04-30,Budget,Commercial Mortgage Balance,1878.364,Commercial Mortgage Balance,Balance
Commercial Real Estate,2025-04-30,Budget,Credit Provision,0.456,Credit Provision,Credit
Commercial Real Estate,2025-04-30,Budget,Interest Income,6.263,Net Interest Income,Revenue
Commercial Real Estate,2025-04-30,Budget,Loan Servicing Fee,0.335,Fee / Noninterest Income,Revenue
Commercial Real Estate,2025-04-30,Budget,Nonperforming Loan Proxy,19.774,Nonperforming Loan Proxy,Balance
Commercial Real Estate,2025-04-30,Budget,Operating Expense,2.103,Operating Expense,Expense
Commercial Real Estate,2025-04-30,Budget,Origination Fee,0.765,Fee / Noninterest Income,Revenue
Commercial Real Estate,2025-04-30,Budget,Other Fee Income,0.158,Other Revenue,Revenue
Commercial Real Estate,2025-04-30,Budget,Prepayment Fee,0.214,Fee / Noninterest Income,Revenue
Commercial Real Estate,2025-04-30,Forecast,Commercial Mortgage Balance,1902.194,Commercial Mortgage Balance,Balance
Commercial Real Estate,2025-04-30,Forecast,Credit Provision,0.461,Credit Provision,Credit
Commercial Real Estate,2025-04-30,Forecast,Interest Income,6.381,Net Interest Income,Revenue
Commercial Real Estate,2025-04-30,Forecast,Loan Servicing Fee,0.34,Fee / Noninterest Income,Revenue
Commercial Real Estate,2025-04-30,Forecast,Nonperforming Loan Proxy,20.202,Nonperforming Loan Proxy,Balance
Commercial Real Estate,2025-04-30,Forecast,Operating Expense,2.135,Operating Expense,Expense
Commercial Real Estate,2025-04-30,Forecast,Origination Fee,0.785,Fee / Noninterest Income,Revenue
Commercial Real Estate,2025-04-30,Forecast,Other Fee Income,0.16,Other Revenue,Revenue
Commercial Real Estate,2025-04-30,Forecast,Prepayment Fee,0.22,Fee / Noninterest Income,Revenue
Commercial Real Estate,2025-04-30,Prior Year,Commercial Mortgage Balance,1755.5,Commercial Mortgage Balance,Balance
Commercial Real Estate,2025-04-30,Prior Year,Credit Provision,0.429,Credit Provision,Credit
Commercial Real Estate,2025-04-30,Prior Year,Interest Income,5.871,Net Interest Income,Revenue
Commercial Real Estate,2025-04-30,Prior Year,Loan Servicing Fee,0.318,Fee / Noninterest Income,Revenue
Commercial Real Estate,2025-04-30,Prior Year,Nonperforming Loan Proxy,18.427,Nonperforming Loan Proxy,Balance
Commercial Real Estate,2025-04-30,Prior Year,Operating Expense,1.993,Operating Expense,Expense
Commercial Real Estate,2025-04-30,Prior Year,Origination Fee,0.722,Fee / Noninterest Income,Revenue
Commercial Real Estate,2025-04-30,Prior Year,Other Fee Income,0.151,Other Revenue,Revenue
Commercial Real Estate,2025-04-30,Prior Year,Prepayment Fee,0.204,Fee / Noninterest Income,Revenue
Commercial Real Estate,2025-05-31,Actual,Commercial Mortgage Balance,1922.931,Commercial Mortgage Balance,Balance
Commercial Real Estate,2025-05-31,Actual,Credit Provision,0.462,Credit Provision,Credit
Commercial Real Estate,2025-05-31,Actual,Interest Income,6.452,Net Interest Income,Revenue
Commercial Real Estate,2025-05-31,Actual,Loan Servicing Fee,0.342,Fee / Noninterest Income,Revenue
Commercial Real Estate,2025-05-31,Actual,Nonperforming Loan Proxy,20.277,Nonperforming Loan Proxy,Balance
Commercial Real Estate,2025-05-31,Actual,Operating Expense,2.193,Operating Expense,Expense
Commercial Real Estate,2025-05-31,Actual,Origination Fee,0.79,Fee / Noninterest Income,Revenue
Commercial Real Estate,2025-05-31,Actual,Other Fee Income,0.162,Other Revenue,Revenue
Commercial Real Estate,2025-05-31,Actual,Prepayment Fee,0.224,Fee / Noninterest Income,Revenue
Commercial Real Estate,2025-05-31,Budget,Commercial Mortgage Balance,1906.897,Commercial Mortgage Balance,Balance
Commercial Real Estate,2025-05-31,Budget,Credit Provision,0.459,Credit Provision,Credit
Commercial Real Estate,2025-05-31,Budget,Interest Income,6.387,Net Interest Income,Revenue
Commercial Real Estate,2025-05-31,Budget,Loan Servicing Fee,0.338,Fee / Noninterest Income,Revenue
Commercial Real Estate,2025-05-31,Budget,Nonperforming Loan Proxy,19.955,Nonperforming Loan Proxy,Balance
Commercial Real Estate,2025-05-31,Budget,Operating Expense,2.162,Operating Expense,Expense
Commercial Real Estate,2025-05-31,Budget,Origination Fee,0.784,Fee / Noninterest Income,Revenue
Commercial Real Estate,2025-05-31,Budget,Other Fee Income,0.159,Other Revenue,Revenue
Commercial Real Estate,2025-05-31,Budget,Prepayment Fee,0.22,Fee / Noninterest Income,Revenue
Commercial Real Estate,2025-05-31,Forecast,Commercial Mortgage Balance,1919.953,Commercial Mortgage Balance,Balance
Commercial Real Estate,2025-05-31,Forecast,Credit Provision,0.466,Credit Provision,Credit
Commercial Real Estate,2025-05-31,Forecast,Interest Income,6.439,Net Interest Income,Revenue
Commercial Real Estate,2025-05-31,Forecast,Loan Servicing Fee,0.343,Fee / Noninterest Income,Revenue
Commercial Real Estate,2025-05-31,Forecast,Nonperforming Loan Proxy,20.202,Nonperforming Loan Proxy,Balance
Commercial Real Estate,2025-05-31,Forecast,Operating Expense,2.163,Operating Expense,Expense
Commercial Real Estate,2025-05-31,Forecast,Origination Fee,0.788,Fee / Noninterest Income,Revenue
Commercial Real Estate,2025-05-31,Forecast,Other Fee Income,0.162,Other Revenue,Revenue
Commercial Real Estate,2025-05-31,Forecast,Prepayment Fee,0.222,Fee / Noninterest Income,Revenue
Commercial Real Estate,2025-05-31,Prior Year,Commercial Mortgage Balance,1807.879,Commercial Mortgage Balance,Balance
Commercial Real Estate,2025-05-31,Prior Year,Credit Provision,0.435,Credit Provision,Credit
Commercial Real Estate,2025-05-31,Prior Year,Interest Income,6.008,Net Interest Income,Revenue
Commercial Real Estate,2025-05-31,Prior Year,Loan Servicing Fee,0.321,Fee / Noninterest Income,Revenue
Commercial Real Estate,2025-05-31,Prior Year,Nonperforming Loan Proxy,18.755,Nonperforming Loan Proxy,Balance
Commercial Real Estate,2025-05-31,Prior Year,Operating Expense,2.025,Operating Expense,Expense
Commercial Real Estate,2025-05-31,Prior Year,Origination Fee,0.741,Fee / Noninterest Income,Revenue
Commercial Real Estate,2025-05-31,Prior Year,Other Fee Income,0.151,Other Revenue,Revenue
Commercial Real Estate,2025-05-31,Prior Year,Prepayment Fee,0.208,Fee / Noninterest Income,Revenue
Commercial Real Estate,2025-06-30,Actual,Commercial Mortgage Balance,1967.688,Commercial Mortgage Balance,Balance
Commercial Real Estate,2025-06-30,Actual,Credit Provision,0.467,Credit Provision,Credit
Commercial Real Estate,2025-06-30,Actual,Interest Income,6.515,Net Interest Income,Revenue
Commercial Real Estate,2025-06-30,Actual,Loan Servicing Fee,0.348,Fee / Noninterest Income,Revenue
Commercial Real Estate,2025-06-30,Actual,Nonperforming Loan Proxy,20.57,Nonperforming Loan Proxy,Balance
Commercial Real Estate,2025-06-30,Actual,Operating Expense,2.168,Operating Expense,Expense
Commercial Real Estate,2025-06-30,Actual,Origination Fee,0.801,Fee / Noninterest Income,Revenue
Commercial Real Estate,2025-06-30,Actual,Other Fee Income,0.163,Other Revenue,Revenue
Commercial Real Estate,2025-06-30,Actual,Prepayment Fee,0.224,Fee / Noninterest Income,Revenue
Commercial Real Estate,2025-06-30,Budget,Commercial Mortgage Balance,1937.673,Commercial Mortgage Balance,Balance
Commercial Real Estate,2025-06-30,Budget,Credit Provision,0.47,Credit Provision,Credit
Commercial Real Estate,2025-06-30,Budget,Interest Income,6.472,Net Interest Income,Revenue
Commercial Real Estate,2025-06-30,Budget,Loan Servicing Fee,0.344,Fee / Noninterest Income,Revenue
Commercial Real Estate,2025-06-30,Budget,Nonperforming Loan Proxy,20.267,Nonperforming Loan Proxy,Balance
Commercial Real Estate,2025-06-30,Budget,Operating Expense,2.187,Operating Expense,Expense
Commercial Real Estate,2025-06-30,Budget,Origination Fee,0.792,Fee / Noninterest Income,Revenue
Commercial Real Estate,2025-06-30,Budget,Other Fee Income,0.164,Other Revenue,Revenue
Commercial Real Estate,2025-06-30,Budget,Prepayment Fee,0.222,Fee / Noninterest Income,Revenue
Commercial Real Estate,2025-06-30,Forecast,Commercial Mortgage Balance,1947.251,Commercial Mortgage Balance,Balance
Commercial Real Estate,2025-06-30,Forecast,Credit Provision,0.47,Credit Provision,Credit
Commercial Real Estate,2025-06-30,Forecast,Interest Income,6.431,Net Interest Income,Revenue
Commercial Real Estate,2025-06-30,Forecast,Loan Servicing Fee,0.346,Fee / Noninterest Income,Revenue
Commercial Real Estate,2025-06-30,Forecast,Nonperforming Loan Proxy,20.315,Nonperforming Loan Proxy,Balance
Commercial Real Estate,2025-06-30,Forecast,Operating Expense,2.189,Operating Expense,Expense
Commercial Real Estate,2025-06-30,Forecast,Origination Fee,0.795,Fee / Noninterest Income,Revenue
Commercial Real Estate,2025-06-30,Forecast,Other Fee Income,0.162,Other Revenue,Revenue
Commercial Real Estate,2025-06-30,Forecast,Prepayment Fee,0.226,Fee / Noninterest Income,Revenue
Commercial Real Estate,2025-06-30,Prior Year,Commercial Mortgage Balance,1820.428,Commercial Mortgage Balance,Balance
Commercial Real Estate,2025-06-30,Prior Year,Credit Provision,0.436,Credit Provision,Credit
Commercial Real Estate,2025-06-30,Prior Year,Interest Income,6.006,Net Interest Income,Revenue
Commercial Real Estate,2025-06-30,Prior Year,Loan Servicing Fee,0.33,Fee / Noninterest Income,Revenue
Commercial Real Estate,2025-06-30,Prior Year,Nonperforming Loan Proxy,19.191,Nonperforming Loan Proxy,Balance
Commercial Real Estate,2025-06-30,Prior Year,Operating Expense,2.07,Operating Expense,Expense
Commercial Real Estate,2025-06-30,Prior Year,Origination Fee,0.749,Fee / Noninterest Income,Revenue
Commercial Real Estate,2025-06-30,Prior Year,Other Fee Income,0.153,Other Revenue,Revenue
Commercial Real Estate,2025-06-30,Prior Year,Prepayment Fee,0.211,Fee / Noninterest Income,Revenue
Commercial Real Estate,2025-07-31,Actual,Commercial Mortgage Balance,1952.86,Commercial Mortgage Balance,Balance
Commercial Real Estate,2025-07-31,Actual,Credit Provision,0.468,Credit Provision,Credit
Commercial Real Estate,2025-07-31,Actual,Interest Income,6.523,Net Interest Income,Revenue
Commercial Real Estate,2025-07-31,Actual,Loan Servicing Fee,0.348,Fee / Noninterest Income,Revenue
Commercial Real Estate,2025-07-31,Actual,Nonperforming Loan Proxy,20.771,Nonperforming Loan Proxy,Balance
Commercial Real Estate,2025-07-31,Actual,Operating Expense,2.211,Operating Expense,Expense
Commercial Real Estate,2025-07-31,Actual,Origination Fee,0.805,Fee / Noninterest Income,Revenue
Commercial Real Estate,2025-07-31,Actual,Other Fee Income,0.165,Other Revenue,Revenue
Commercial Real Estate,2025-07-31,Actual,Prepayment Fee,0.224,Fee / Noninterest Income,Revenue
Commercial Real Estate,2025-07-31,Budget,Commercial Mortgage Balance,1934.86,Commercial Mortgage Balance,Balance
Commercial Real Estate,2025-07-31,Budget,Credit Provision,0.466,Credit Provision,Credit
Commercial Real Estate,2025-07-31,Budget,Interest Income,6.466,Net Interest Income,Revenue
Commercial Real Estate,2025-07-31,Budget,Loan Servicing Fee,0.342,Fee / Noninterest Income,Revenue
Commercial Real Estate,2025-07-31,Budget,Nonperforming Loan Proxy,20.354,Nonperforming Loan Proxy,Balance
Commercial Real Estate,2025-07-31,Budget,Operating Expense,2.168,Operating Expense,Expense
Commercial Real Estate,2025-07-31,Budget,Origination Fee,0.8,Fee / Noninterest Income,Revenue
Commercial Real Estate,2025-07-31,Budget,Other Fee Income,0.162,Other Revenue,Revenue
Commercial Real Estate,2025-07-31,Budget,Prepayment Fee,0.223,Fee / Noninterest Income,Revenue
Commercial Real Estate,2025-07-31,Forecast,Commercial Mortgage Balance,1935.824,Commercial Mortgage Balance,Balance
Commercial Real Estate,2025-07-31,Forecast,Credit Provision,0.466,Credit Provision,Credit
Commercial Real Estate,2025-07-31,Forecast,Interest Income,6.444,Net Interest Income,Revenue
Commercial Real Estate,2025-07-31,Forecast,Loan Servicing Fee,0.348,Fee / Noninterest Income,Revenue
Commercial Real Estate,2025-07-31,Forecast,Nonperforming Loan Proxy,20.334,Nonperforming Loan Proxy,Balance
Commercial Real Estate,2025-07-31,Forecast,Operating Expense,2.194,Operating Expense,Expense
Commercial Real Estate,2025-07-31,Forecast,Origination Fee,0.797,Fee / Noninterest Income,Revenue
Commercial Real Estate,2025-07-31,Forecast,Other Fee Income,0.165,Other Revenue,Revenue
Commercial Real Estate,2025-07-31,Forecast,Prepayment Fee,0.225,Fee / Noninterest Income,Revenue
Commercial Real Estate,2025-07-31,Prior Year,Commercial Mortgage Balance,1830.746,Commercial Mortgage Balance,Balance
Commercial Real Estate,2025-07-31,Prior Year,Credit Provision,0.444,Credit Provision,Credit
Commercial Real Estate,2025-07-31,Prior Year,Interest Income,6.17,Net Interest Income,Revenue
Commercial Real Estate,2025-07-31,Prior Year,Loan Servicing Fee,0.324,Fee / Noninterest Income,Revenue
Commercial Real Estate,2025-07-31,Prior Year,Nonperforming Loan Proxy,19.036,Nonperforming Loan Proxy,Balance
Commercial Real Estate,2025-07-31,Prior Year,Operating Expense,2.068,Operating Expense,Expense
Commercial Real Estate,2025-07-31,Prior Year,Origination Fee,0.75,Fee / Noninterest Income,Revenue
Commercial Real Estate,2025-07-31,Prior Year,Other Fee Income,0.155,Other Revenue,Revenue
Commercial Real Estate,2025-07-31,Prior Year,Prepayment Fee,0.211,Fee / Noninterest Income,Revenue
Commercial Real Estate,2025-08-31,Actual,Commercial Mortgage Balance,1947.459,Commercial Mortgage Balance,Balance
Commercial Real Estate,2025-08-31,Actual,Credit Provision,0.465,Credit Provision,Credit
Commercial Real Estate,2025-08-31,Actual,Interest Income,6.499,Net Interest Income,Revenue
Commercial Real Estate,2025-08-31,Actual,Loan Servicing Fee,0.345,Fee / Noninterest Income,Revenue
Commercial Real Estate,2025-08-31,Actual,Nonperforming Loan Proxy,20.443,Nonperforming Loan Proxy,Balance
Commercial Real Estate,2025-08-31,Actual,Operating Expense,2.193,Operating Expense,Expense
Commercial Real Estate,2025-08-31,Actual,Origination Fee,0.798,Fee / Noninterest Income,Revenue
Commercial Real Estate,2025-08-31,Actual,Other Fee Income,0.165,Other Revenue,Revenue
Commercial Real Estate,2025-08-31,Actual,Prepayment Fee,0.226,Fee / Noninterest Income,Revenue
Commercial Real Estate,2025-08-31,Budget,Commercial Mortgage Balance,1925.337,Commercial Mortgage Balance,Balance
Commercial Real Estate,2025-08-31,Budget,Credit Provision,0.463,Credit Provision,Credit
Commercial Real Estate,2025-08-31,Budget,Interest Income,6.425,Net Interest Income,Revenue
Commercial Real Estate,2025-08-31,Budget,Loan Servicing Fee,0.343,Fee / Noninterest Income,Revenue
Commercial Real Estate,2025-08-31,Budget,Nonperforming Loan Proxy,20.421,Nonperforming Loan Proxy,Balance
Commercial Real Estate,2025-08-31,Budget,Operating Expense,2.196,Operating Expense,Expense
Commercial Real Estate,2025-08-31,Budget,Origination Fee,0.797,Fee / Noninterest Income,Revenue
Commercial Real Estate,2025-08-31,Budget,Other Fee Income,0.163,Other Revenue,Revenue
Commercial Real Estate,2025-08-31,Budget,Prepayment Fee,0.224,Fee / Noninterest Income,Revenue
Commercial Real Estate,2025-08-31,Forecast,Commercial Mortgage Balance,1940.024,Commercial Mortgage Balance,Balance
Commercial Real Estate,2025-08-31,Forecast,Credit Provision,0.468,Credit Provision,Credit
Commercial Real Estate,2025-08-31,Forecast,Interest Income,6.46,Net Interest Income,Revenue
Commercial Real Estate,2025-08-31,Forecast,Loan Servicing Fee,0.347,Fee / Noninterest Income,Revenue
Commercial Real Estate,2025-08-31,Forecast,Nonperforming Loan Proxy,20.436,Nonperforming Loan Proxy,Balance
Commercial Real Estate,2025-08-31,Forecast,Operating Expense,2.176,Operating Expense,Expense
Commercial Real Estate,2025-08-31,Forecast,Origination Fee,0.797,Fee / Noninterest Income,Revenue
Commercial Real Estate,2025-08-31,Forecast,Other Fee Income,0.162,Other Revenue,Revenue
Commercial Real Estate,2025-08-31,Forecast,Prepayment Fee,0.223,Fee / Noninterest Income,Revenue
Commercial Real Estate,2025-08-31,Prior Year,Commercial Mortgage Balance,1828.17,Commercial Mortgage Balance,Balance
Commercial Real Estate,2025-08-31,Prior Year,Credit Provision,0.444,Credit Provision,Credit
Commercial Real Estate,2025-08-31,Prior Year,Interest Income,6.097,Net Interest Income,Revenue
Commercial Real Estate,2025-08-31,Prior Year,Loan Servicing Fee,0.326,Fee / Noninterest Income,Revenue
Commercial Real Estate,2025-08-31,Prior Year,Nonperforming Loan Proxy,19.243,Nonperforming Loan Proxy,Balance
Commercial Real Estate,2025-08-31,Prior Year,Operating Expense,2.065,Operating Expense,Expense
Commercial Real Estate,2025-08-31,Prior Year,Origination Fee,0.742,Fee / Noninterest Income,Revenue
Commercial Real Estate,2025-08-31,Prior Year,Other Fee Income,0.154,Other Revenue,Revenue
Commercial Real Estate,2025-08-31,Prior Year,Prepayment Fee,0.213,Fee / Noninterest Income,Revenue
Commercial Real Estate,2025-09-30,Actual,Commercial Mortgage Balance,1935.627,Commercial Mortgage Balance,Balance
Commercial Real Estate,2025-09-30,Actual,Credit Provision,0.472,Credit Provision,Credit
Commercial Real Estate,2025-09-30,Actual,Interest Income,6.506,Net Interest Income,Revenue
Commercial Real Estate,2025-09-30,Actual,Loan Servicing Fee,0.346,Fee / Noninterest Income,Revenue
Commercial Real Estate,2025-09-30,Actual,Nonperforming Loan Proxy,20.212,Nonperforming Loan Proxy,Balance
Commercial Real Estate,2025-09-30,Actual,Operating Expense,2.16,Operating Expense,Expense
Commercial Real Estate,2025-09-30,Actual,Origination Fee,0.798,Fee / Noninterest Income,Revenue
Commercial Real Estate,2025-09-30,Actual,Other Fee Income,0.162,Other Revenue,Revenue
Commercial Real Estate,2025-09-30,Actual,Prepayment Fee,0.221,Fee / Noninterest Income,Revenue
Commercial Real Estate,2025-09-30,Budget,Commercial Mortgage Balance,1920.555,Commercial Mortgage Balance,Balance
Commercial Real Estate,2025-09-30,Budget,Credit Provision,0.458,Credit Provision,Credit
Commercial Real Estate,2025-09-30,Budget,Interest Income,6.3580000000000005,Net Interest Income,Revenue
Commercial Real Estate,2025-09-30,Budget,Loan Servicing Fee,0.338,Fee / Noninterest Income,Revenue
Commercial Real Estate,2025-09-30,Budget,Nonperforming Loan Proxy,20.052,Nonperforming Loan Proxy,Balance
Commercial Real Estate,2025-09-30,Budget,Operating Expense,2.165,Operating Expense,Expense
Commercial Real Estate,2025-09-30,Budget,Origination Fee,0.791,Fee / Noninterest Income,Revenue
Commercial Real Estate,2025-09-30,Budget,Other Fee Income,0.162,Other Revenue,Revenue
Commercial Real Estate,2025-09-30,Budget,Prepayment Fee,0.221,Fee / Noninterest Income,Revenue
Commercial Real Estate,2025-09-30,Forecast,Commercial Mortgage Balance,1928.56,Commercial Mortgage Balance,Balance
Commercial Real Estate,2025-09-30,Forecast,Credit Provision,0.459,Credit Provision,Credit
Commercial Real Estate,2025-09-30,Forecast,Interest Income,6.372,Net Interest Income,Revenue
Commercial Real Estate,2025-09-30,Forecast,Loan Servicing Fee,0.34,Fee / Noninterest Income,Revenue
Commercial Real Estate,2025-09-30,Forecast,Nonperforming Loan Proxy,20.125,Nonperforming Loan Proxy,Balance
Commercial Real Estate,2025-09-30,Forecast,Operating Expense,2.146,Operating Expense,Expense
Commercial Real Estate,2025-09-30,Forecast,Origination Fee,0.789,Fee / Noninterest Income,Revenue
Commercial Real Estate,2025-09-30,Forecast,Other Fee Income,0.159,Other Revenue,Revenue
Commercial Real Estate,2025-09-30,Forecast,Prepayment Fee,0.223,Fee / Noninterest Income,Revenue
Commercial Real Estate,2025-09-30,Prior Year,Commercial Mortgage Balance,1807.058,Commercial Mortgage Balance,Balance
Commercial Real Estate,2025-09-30,Prior Year,Credit Provision,0.436,Credit Provision,Credit
Commercial Real Estate,2025-09-30,Prior Year,Interest Income,6.082,Net Interest Income,Revenue
Commercial Real Estate,2025-09-30,Prior Year,Loan Servicing Fee,0.324,Fee / Noninterest Income,Revenue
Commercial Real Estate,2025-09-30,Prior Year,Nonperforming Loan Proxy,18.971,Nonperforming Loan Proxy,Balance
Commercial Real Estate,2025-09-30,Prior Year,Operating Expense,2.016,Operating Expense,Expense
Commercial Real Estate,2025-09-30,Prior Year,Origination Fee,0.744,Fee / Noninterest Income,Revenue
Commercial Real Estate,2025-09-30,Prior Year,Other Fee Income,0.152,Other Revenue,Revenue
Commercial Real Estate,2025-09-30,Prior Year,Prepayment Fee,0.211,Fee / Noninterest Income,Revenue
Commercial Real Estate,2025-10-31,Actual,Commercial Mortgage Balance,1926.083,Commercial Mortgage Balance,Balance
Commercial Real Estate,2025-10-31,Actual,Credit Provision,0.461,Credit Provision,Credit
Commercial Real Estate,2025-10-31,Actual,Interest Income,6.396,Net Interest Income,Revenue
Commercial Real Estate,2025-10-31,Actual,Loan Servicing Fee,0.344,Fee / Noninterest Income,Revenue
Commercial Real Estate,2025-10-31,Actual,Nonperforming Loan Proxy,20.101,Nonperforming Loan Proxy,Balance
Commercial Real Estate,2025-10-31,Actual,Operating Expense,2.15,Operating Expense,Expense
Commercial Real Estate,2025-10-31,Actual,Origination Fee,0.784,Fee / Noninterest Income,Revenue
Commercial Real Estate,2025-10-31,Actual,Other Fee Income,0.162,Other Revenue,Revenue
Commercial Real Estate,2025-10-31,Actual,Prepayment Fee,0.224,Fee / Noninterest Income,Revenue
Commercial Real Estate,2025-10-31,Budget,Commercial Mortgage Balance,1887.394,Commercial Mortgage Balance,Balance
Commercial Real Estate,2025-10-31,Budget,Credit Provision,0.454,Credit Provision,Credit
Commercial Real Estate,2025-10-31,Budget,Interest Income,6.291,Net Interest Income,Revenue
Commercial Real Estate,2025-10-31,Budget,Loan Servicing Fee,0.335,Fee / Noninterest Income,Revenue
Commercial Real Estate,2025-10-31,Budget,Nonperforming Loan Proxy,19.76,Nonperforming Loan Proxy,Balance
Commercial Real Estate,2025-10-31,Budget,Operating Expense,2.132,Operating Expense,Expense
Commercial Real Estate,2025-10-31,Budget,Origination Fee,0.774,Fee / Noninterest Income,Revenue
Commercial Real Estate,2025-10-31,Budget,Other Fee Income,0.158,Other Revenue,Revenue
Commercial Real Estate,2025-10-31,Budget,Prepayment Fee,0.219,Fee / Noninterest Income,Revenue
Commercial Real Estate,2025-10-31,Forecast,Commercial Mortgage Balance,1924.95,Commercial Mortgage Balance,Balance
Commercial Real Estate,2025-10-31,Forecast,Credit Provision,0.455,Credit Provision,Credit
Commercial Real Estate,2025-10-31,Forecast,Interest Income,6.299,Net Interest Income,Revenue
Commercial Real Estate,2025-10-31,Forecast,Loan Servicing Fee,0.338,Fee / Noninterest Income,Revenue
Commercial Real Estate,2025-10-31,Forecast,Nonperforming Loan Proxy,20.118,Nonperforming Loan Proxy,Balance
Commercial Real Estate,2025-10-31,Forecast,Operating Expense,2.133,Operating Expense,Expense
Commercial Real Estate,2025-10-31,Forecast,Origination Fee,0.779,Fee / Noninterest Income,Revenue
Commercial Real Estate,2025-10-31,Forecast,Other Fee Income,0.158,Other Revenue,Revenue
Commercial Real Estate,2025-10-31,Forecast,Prepayment Fee,0.221,Fee / Noninterest Income,Revenue
Commercial Real Estate,2025-10-31,Prior Year,Commercial Mortgage Balance,1831.55,Commercial Mortgage Balance,Balance
Commercial Real Estate,2025-10-31,Prior Year,Credit Provision,0.429,Credit Provision,Credit
Commercial Real Estate,2025-10-31,Prior Year,Interest Income,6.019,Net Interest Income,Revenue
Commercial Real Estate,2025-10-31,Prior Year,Loan Servicing Fee,0.321,Fee / Noninterest Income,Revenue
Commercial Real Estate,2025-10-31,Prior Year,Nonperforming Loan Proxy,18.85,Nonperforming Loan Proxy,Balance
Commercial Real Estate,2025-10-31,Prior Year,Operating Expense,2.025,Operating Expense,Expense
Commercial Real Estate,2025-10-31,Prior Year,Origination Fee,0.736,Fee / Noninterest Income,Revenue
Commercial Real Estate,2025-10-31,Prior Year,Other Fee Income,0.153,Other Revenue,Revenue
Commercial Real Estate,2025-10-31,Prior Year,Prepayment Fee,0.207,Fee / Noninterest Income,Revenue
Commercial Real Estate,2025-11-30,Actual,Commercial Mortgage Balance,1907.801,Commercial Mortgage Balance,Balance
Commercial Real Estate,2025-11-30,Actual,Credit Provision,0.458,Credit Provision,Credit
Commercial Real Estate,2025-11-30,Actual,Interest Income,6.348,Net Interest Income,Revenue
Commercial Real Estate,2025-11-30,Actual,Loan Servicing Fee,0.342,Fee / Noninterest Income,Revenue
Commercial Real Estate,2025-11-30,Actual,Nonperforming Loan Proxy,20.074,Nonperforming Loan Proxy,Balance
Commercial Real Estate,2025-11-30,Actual,Operating Expense,2.139,Operating Expense,Expense
Commercial Real Estate,2025-11-30,Actual,Origination Fee,0.786,Fee / Noninterest Income,Revenue
Commercial Real Estate,2025-11-30,Actual,Other Fee Income,0.162,Other Revenue,Revenue
Commercial Real Estate,2025-11-30,Actual,Prepayment Fee,0.22,Fee / Noninterest Income,Revenue
Commercial Real Estate,2025-11-30,Budget,Commercial Mortgage Balance,1889.079,Commercial Mortgage Balance,Balance
Commercial Real Estate,2025-11-30,Budget,Credit Provision,0.457,Credit Provision,Credit
Commercial Real Estate,2025-11-30,Budget,Interest Income,6.232,Net Interest Income,Revenue
Commercial Real Estate,2025-11-30,Budget,Loan Servicing Fee,0.335,Fee / Noninterest Income,Revenue
Commercial Real Estate,2025-11-30,Budget,Nonperforming Loan Proxy,19.575,Nonperforming Loan Proxy,Balance
Commercial Real Estate,2025-11-30,Budget,Operating Expense,2.106,Operating Expense,Expense
Commercial Real Estate,2025-11-30,Budget,Origination Fee,0.761,Fee / Noninterest Income,Revenue
Commercial Real Estate,2025-11-30,Budget,Other Fee Income,0.158,Other Revenue,Revenue
Commercial Real Estate,2025-11-30,Budget,Prepayment Fee,0.215,Fee / Noninterest Income,Revenue
Commercial Real Estate,2025-11-30,Forecast,Commercial Mortgage Balance,1894.634,Commercial Mortgage Balance,Balance
Commercial Real Estate,2025-11-30,Forecast,Credit Provision,0.452,Credit Provision,Credit
Commercial Real Estate,2025-11-30,Forecast,Interest Income,6.271,Net Interest Income,Revenue
Commercial Real Estate,2025-11-30,Forecast,Loan Servicing Fee,0.338,Fee / Noninterest Income,Revenue
Commercial Real Estate,2025-11-30,Forecast,Nonperforming Loan Proxy,19.869,Nonperforming Loan Proxy,Balance
Commercial Real Estate,2025-11-30,Forecast,Operating Expense,2.137,Operating Expense,Expense
Commercial Real Estate,2025-11-30,Forecast,Origination Fee,0.776,Fee / Noninterest Income,Revenue
Commercial Real Estate,2025-11-30,Forecast,Other Fee Income,0.158,Other Revenue,Revenue
Commercial Real Estate,2025-11-30,Forecast,Prepayment Fee,0.218,Fee / Noninterest Income,Revenue
Commercial Real Estate,2025-11-30,Prior Year,Commercial Mortgage Balance,1808.401,Commercial Mortgage Balance,Balance
Commercial Real Estate,2025-11-30,Prior Year,Credit Provision,0.43,Credit Provision,Credit
Commercial Real Estate,2025-11-30,Prior Year,Interest Income,5.926,Net Interest Income,Revenue
Commercial Real Estate,2025-11-30,Prior Year,Loan Servicing Fee,0.321,Fee / Noninterest Income,Revenue
Commercial Real Estate,2025-11-30,Prior Year,Nonperforming Loan Proxy,18.811,Nonperforming Loan Proxy,Balance
Commercial Real Estate,2025-11-30,Prior Year,Operating Expense,2.033,Operating Expense,Expense
Commercial Real Estate,2025-11-30,Prior Year,Origination Fee,0.717,Fee / Noninterest Income,Revenue
Commercial Real Estate,2025-11-30,Prior Year,Other Fee Income,0.151,Other Revenue,Revenue
Commercial Real Estate,2025-11-30,Prior Year,Prepayment Fee,0.204,Fee / Noninterest Income,Revenue
Commercial Real Estate,2025-12-31,Actual,Commercial Mortgage Balance,1920.621,Commercial Mortgage Balance,Balance
Commercial Real Estate,2025-12-31,Actual,Credit Provision,0.461,Credit Provision,Credit
Commercial Real Estate,2025-12-31,Actual,Interest Income,6.356,Net Interest Income,Revenue
Commercial Real Estate,2025-12-31,Actual,Loan Servicing Fee,0.343,Fee / Noninterest Income,Revenue
Commercial Real Estate,2025-12-31,Actual,Nonperforming Loan Proxy,20.157,Nonperforming Loan Proxy,Balance
Commercial Real Estate,2025-12-31,Actual,Operating Expense,2.152,Operating Expense,Expense
Commercial Real Estate,2025-12-31,Actual,Origination Fee,0.786,Fee / Noninterest Income,Revenue
Commercial Real Estate,2025-12-31,Actual,Other Fee Income,0.159,Other Revenue,Revenue
Commercial Real Estate,2025-12-31,Actual,Prepayment Fee,0.221,Fee / Noninterest Income,Revenue
Commercial Real Estate,2025-12-31,Budget,Commercial Mortgage Balance,1895.264,Commercial Mortgage Balance,Balance
Commercial Real Estate,2025-12-31,Budget,Credit Provision,0.45,Credit Provision,Credit
Commercial Real Estate,2025-12-31,Budget,Interest Income,6.189,Net Interest Income,Revenue
Commercial Real Estate,2025-12-31,Budget,Loan Servicing Fee,0.336,Fee / Noninterest Income,Revenue
Commercial Real Estate,2025-12-31,Budget,Nonperforming Loan Proxy,19.615,Nonperforming Loan Proxy,Balance
Commercial Real Estate,2025-12-31,Budget,Operating Expense,2.137,Operating Expense,Expense
Commercial Real Estate,2025-12-31,Budget,Origination Fee,0.763,Fee / Noninterest Income,Revenue
Commercial Real Estate,2025-12-31,Budget,Other Fee Income,0.158,Other Revenue,Revenue
Commercial Real Estate,2025-12-31,Budget,Prepayment Fee,0.215,Fee / Noninterest Income,Revenue
Commercial Real Estate,2025-12-31,Forecast,Commercial Mortgage Balance,1896.562,Commercial Mortgage Balance,Balance
Commercial Real Estate,2025-12-31,Forecast,Credit Provision,0.454,Credit Provision,Credit
Commercial Real Estate,2025-12-31,Forecast,Interest Income,6.293,Net Interest Income,Revenue
Commercial Real Estate,2025-12-31,Forecast,Loan Servicing Fee,0.338,Fee / Noninterest Income,Revenue
Commercial Real Estate,2025-12-31,Forecast,Nonperforming Loan Proxy,19.752,Nonperforming Loan Proxy,Balance
Commercial Real Estate,2025-12-31,Forecast,Operating Expense,2.141,Operating Expense,Expense
Commercial Real Estate,2025-12-31,Forecast,Origination Fee,0.786,Fee / Noninterest Income,Revenue
Commercial Real Estate,2025-12-31,Forecast,Other Fee Income,0.158,Other Revenue,Revenue
Commercial Real Estate,2025-12-31,Forecast,Prepayment Fee,0.218,Fee / Noninterest Income,Revenue
Commercial Real Estate,2025-12-31,Prior Year,Commercial Mortgage Balance,1794.393,Commercial Mortgage Balance,Balance
Commercial Real Estate,2025-12-31,Prior Year,Credit Provision,0.434,Credit Provision,Credit
Commercial Real Estate,2025-12-31,Prior Year,Interest Income,5.955,Net Interest Income,Revenue
Commercial Real Estate,2025-12-31,Prior Year,Loan Servicing Fee,0.319,Fee / Noninterest Income,Revenue
Commercial Real Estate,2025-12-31,Prior Year,Nonperforming Loan Proxy,18.617,Nonperforming Loan Proxy,Balance
Commercial Real Estate,2025-12-31,Prior Year,Operating Expense,2.013,Operating Expense,Expense
Commercial Real Estate,2025-12-31,Prior Year,Origination Fee,0.735,Fee / Noninterest Income,Revenue
Commercial Real Estate,2025-12-31,Prior Year,Other Fee Income,0.15,Other Revenue,Revenue
Commercial Real Estate,2025-12-31,Prior Year,Prepayment Fee,0.206,Fee / Noninterest Income,Revenue
Commercial Real Estate,2026-01-31,Actual,Commercial Mortgage Balance,1936.944,Commercial Mortgage Balance,Balance
Commercial Real Estate,2026-01-31,Actual,Credit Provision,0.469,Credit Provision,Credit
Commercial Real Estate,2026-01-31,Actual,Interest Income,6.366,Net Interest Income,Revenue
Commercial Real Estate,2026-01-31,Actual,Loan Servicing Fee,0.341,Fee / Noninterest Income,Revenue
Commercial Real Estate,2026-01-31,Actual,Nonperforming Loan Proxy,20.198,Nonperforming Loan Proxy,Balance
Commercial Real Estate,2026-01-31,Actual,Operating Expense,2.191,Operating Expense,Expense
Commercial Real Estate,2026-01-31,Actual,Origination Fee,0.792,Fee / Noninterest Income,Revenue
Commercial Real Estate,2026-01-31,Actual,Other Fee Income,0.163,Other Revenue,Revenue
Commercial Real Estate,2026-01-31,Actual,Prepayment Fee,0.223,Fee / Noninterest Income,Revenue
Commercial Real Estate,2026-01-31,Budget,Commercial Mortgage Balance,1901.468,Commercial Mortgage Balance,Balance
Commercial Real Estate,2026-01-31,Budget,Credit Provision,0.46,Credit Provision,Credit
Commercial Real Estate,2026-01-31,Budget,Interest Income,6.314,Net Interest Income,Revenue
Commercial Real Estate,2026-01-31,Budget,Loan Servicing Fee,0.334,Fee / Noninterest Income,Revenue
Commercial Real Estate,2026-01-31,Budget,Nonperforming Loan Proxy,19.895,Nonperforming Loan Proxy,Balance
Commercial Real Estate,2026-01-31,Budget,Operating Expense,2.115,Operating Expense,Expense
Commercial Real Estate,2026-01-31,Budget,Origination Fee,0.773,Fee / Noninterest Income,Revenue
Commercial Real Estate,2026-01-31,Budget,Other Fee Income,0.157,Other Revenue,Revenue
Commercial Real Estate,2026-01-31,Budget,Prepayment Fee,0.219,Fee / Noninterest Income,Revenue
Commercial Real Estate,2026-01-31,Forecast,Commercial Mortgage Balance,1913.963,Commercial Mortgage Balance,Balance
Commercial Real Estate,2026-01-31,Forecast,Credit Provision,0.462,Credit Provision,Credit
Commercial Real Estate,2026-01-31,Forecast,Interest Income,6.376,Net Interest Income,Revenue
Commercial Real Estate,2026-01-31,Forecast,Loan Servicing Fee,0.34,Fee / Noninterest Income,Revenue
Commercial Real Estate,2026-01-31,Forecast,Nonperforming Loan Proxy,20.021,Nonperforming Loan Proxy,Balance
Commercial Real Estate,2026-01-31,Forecast,Operating Expense,2.156,Operating Expense,Expense
Commercial Real Estate,2026-01-31,Forecast,Origination Fee,0.781,Fee / Noninterest Income,Revenue
Commercial Real Estate,2026-01-31,Forecast,Other Fee Income,0.16,Other Revenue,Revenue
Commercial Real Estate,2026-01-31,Forecast,Prepayment Fee,0.223,Fee / Noninterest Income,Revenue
Commercial Real Estate,2026-01-31,Prior Year,Commercial Mortgage Balance,1828.17,Commercial Mortgage Balance,Balance
Commercial Real Estate,2026-01-31,Prior Year,Credit Provision,0.428,Credit Provision,Credit
Commercial Real Estate,2026-01-31,Prior Year,Interest Income,5.978,Net Interest Income,Revenue
Commercial Real Estate,2026-01-31,Prior Year,Loan Servicing Fee,0.319,Fee / Noninterest Income,Revenue
Commercial Real Estate,2026-01-31,Prior Year,Nonperforming Loan Proxy,18.772,Nonperforming Loan Proxy,Balance
Commercial Real Estate,2026-01-31,Prior Year,Operating Expense,2.041,Operating Expense,Expense
Commercial Real Estate,2026-01-31,Prior Year,Origination Fee,0.729,Fee / Noninterest Income,Revenue
Commercial Real Estate,2026-01-31,Prior Year,Other Fee Income,0.15,Other Revenue,Revenue
Commercial Real Estate,2026-01-31,Prior Year,Prepayment Fee,0.207,Fee / Noninterest Income,Revenue
Commercial Real Estate,2026-02-28,Actual,Commercial Mortgage Balance,1973.409,Commercial Mortgage Balance,Balance
Commercial Real Estate,2026-02-28,Actual,Credit Provision,0.472,Credit Provision,Credit
Commercial Real Estate,2026-02-28,Actual,Interest Income,6.511,Net Interest Income,Revenue
Commercial Real Estate,2026-02-28,Actual,Loan Servicing Fee,0.352,Fee / Noninterest Income,Revenue
Commercial Real Estate,2026-02-28,Actual,Nonperforming Loan Proxy,20.335,Nonperforming Loan Proxy,Balance
Commercial Real Estate,2026-02-28,Actual,Operating Expense,2.217,Operating Expense,Expense
Commercial Real Estate,2026-02-28,Actual,Origination Fee,0.797,Fee / Noninterest Income,Revenue
Commercial Real Estate,2026-02-28,Actual,Other Fee Income,0.165,Other Revenue,Revenue
Commercial Real Estate,2026-02-28,Actual,Prepayment Fee,0.226,Fee / Noninterest Income,Revenue
Commercial Real Estate,2026-02-28,Budget,Commercial Mortgage Balance,1936.707,Commercial Mortgage Balance,Balance
Commercial Real Estate,2026-02-28,Budget,Credit Provision,0.461,Credit Provision,Credit
Commercial Real Estate,2026-02-28,Budget,Interest Income,6.391,Net Interest Income,Revenue
Commercial Real Estate,2026-02-28,Budget,Loan Servicing Fee,0.34,Fee / Noninterest Income,Revenue
Commercial Real Estate,2026-02-28,Budget,Nonperforming Loan Proxy,20.155,Nonperforming Loan Proxy,Balance
Commercial Real Estate,2026-02-28,Budget,Operating Expense,2.143,Operating Expense,Expense
Commercial Real Estate,2026-02-28,Budget,Origination Fee,0.784,Fee / Noninterest Income,Revenue
Commercial Real Estate,2026-02-28,Budget,Other Fee Income,0.162,Other Revenue,Revenue
Commercial Real Estate,2026-02-28,Budget,Prepayment Fee,0.219,Fee / Noninterest Income,Revenue
Commercial Real Estate,2026-02-28,Forecast,Commercial Mortgage Balance,1972.968,Commercial Mortgage Balance,Balance
Commercial Real Estate,2026-02-28,Forecast,Credit Provision,0.47,Credit Provision,Credit
Commercial Real Estate,2026-02-28,Forecast,Interest Income,6.455,Net Interest Income,Revenue
Commercial Real Estate,2026-02-28,Forecast,Loan Servicing Fee,0.345,Fee / Noninterest Income,Revenue
Commercial Real Estate,2026-02-28,Forecast,Nonperforming Loan Proxy,20.308,Nonperforming Loan Proxy,Balance
Commercial Real Estate,2026-02-28,Forecast,Operating Expense,2.158,Operating Expense,Expense
Commercial Real Estate,2026-02-28,Forecast,Origination Fee,0.788,Fee / Noninterest Income,Revenue
Commercial Real Estate,2026-02-28,Forecast,Other Fee Income,0.162,Other Revenue,Revenue
Commercial Real Estate,2026-02-28,Forecast,Prepayment Fee,0.221,Fee / Noninterest Income,Revenue
Commercial Real Estate,2026-02-28,Prior Year,Commercial Mortgage Balance,1816.503,Commercial Mortgage Balance,Balance
Commercial Real Estate,2026-02-28,Prior Year,Credit Provision,0.435,Credit Provision,Credit
Commercial Real Estate,2026-02-28,Prior Year,Interest Income,6.041,Net Interest Income,Revenue
Commercial Real Estate,2026-02-28,Prior Year,Loan Servicing Fee,0.322,Fee / Noninterest Income,Revenue
Commercial Real Estate,2026-02-28,Prior Year,Nonperforming Loan Proxy,18.98,Nonperforming Loan Proxy,Balance
Commercial Real Estate,2026-02-28,Prior Year,Operating Expense,2.04,Operating Expense,Expense
Commercial Real Estate,2026-02-28,Prior Year,Origination Fee,0.7375,Fee / Noninterest Income,Revenue
Commercial Real Estate,2026-02-28,Prior Year,Other Fee Income,0.153,Other Revenue,Revenue
Commercial Real Estate,2026-02-28,Prior Year,Prepayment Fee,0.207,Fee / Noninterest Income,Revenue
Commercial Real Estate,2026-03-31,Actual,Commercial Mortgage Balance,2023.794,Commercial Mortgage Balance,Balance
Commercial Real Estate,2026-03-31,Actual,Credit Provision,0.472,Credit Provision,Credit
Commercial Real Estate,2026-03-31,Actual,Interest Income,6.621,Net Interest Income,Revenue
Commercial Real Estate,2026-03-31,Actual,Loan Servicing Fee,0.355,Fee / Noninterest Income,Revenue
Commercial Real Estate,2026-03-31,Actual,Nonperforming Loan Proxy,20.752,Nonperforming Loan Proxy,Balance
Commercial Real Estate,2026-03-31,Actual,Operating Expense,2.244,Operating Expense,Expense
Commercial Real Estate,2026-03-31,Actual,Origination Fee,0.815,Fee / Noninterest Income,Revenue
Commercial Real Estate,2026-03-31,Actual,Other Fee Income,0.167,Other Revenue,Revenue
Commercial Real Estate,2026-03-31,Actual,Prepayment Fee,0.229,Fee / Noninterest Income,Revenue
Commercial Real Estate,2026-03-31,Budget,Commercial Mortgage Balance,1993.793,Commercial Mortgage Balance,Balance
Commercial Real Estate,2026-03-31,Budget,Credit Provision,0.472,Credit Provision,Credit
Commercial Real Estate,2026-03-31,Budget,Interest Income,6.486,Net Interest Income,Revenue
Commercial Real Estate,2026-03-31,Budget,Loan Servicing Fee,0.347,Fee / Noninterest Income,Revenue
Commercial Real Estate,2026-03-31,Budget,Nonperforming Loan Proxy,20.282,Nonperforming Loan Proxy,Balance
Commercial Real Estate,2026-03-31,Budget,Operating Expense,2.196,Operating Expense,Expense
Commercial Real Estate,2026-03-31,Budget,Origination Fee,0.777,Fee / Noninterest Income,Revenue
Commercial Real Estate,2026-03-31,Budget,Other Fee Income,0.162,Other Revenue,Revenue
Commercial Real Estate,2026-03-31,Budget,Prepayment Fee,0.222,Fee / Noninterest Income,Revenue
Commercial Real Estate,2026-03-31,Forecast,Commercial Mortgage Balance,1981.19,Commercial Mortgage Balance,Balance
Commercial Real Estate,2026-03-31,Forecast,Credit Provision,0.477,Credit Provision,Credit
Commercial Real Estate,2026-03-31,Forecast,Interest Income,6.512,Net Interest Income,Revenue
Commercial Real Estate,2026-03-31,Forecast,Loan Servicing Fee,0.351,Fee / Noninterest Income,Revenue
Commercial Real Estate,2026-03-31,Forecast,Nonperforming Loan Proxy,20.611,Nonperforming Loan Proxy,Balance
Commercial Real Estate,2026-03-31,Forecast,Operating Expense,2.202,Operating Expense,Expense
Commercial Real Estate,2026-03-31,Forecast,Origination Fee,0.801,Fee / Noninterest Income,Revenue
Commercial Real Estate,2026-03-31,Forecast,Other Fee Income,0.165,Other Revenue,Revenue
Commercial Real Estate,2026-03-31,Forecast,Prepayment Fee,0.228,Fee / Noninterest Income,Revenue
Commercial Real Estate,2026-03-31,Prior Year,Commercial Mortgage Balance,1851.536,Commercial Mortgage Balance,Balance
Commercial Real Estate,2026-03-31,Prior Year,Credit Provision,0.445,Credit Provision,Credit
Commercial Real Estate,2026-03-31,Prior Year,Interest Income,6.124,Net Interest Income,Revenue
Commercial Real Estate,2026-03-31,Prior Year,Loan Servicing Fee,0.325,Fee / Noninterest Income,Revenue
Commercial Real Estate,2026-03-31,Prior Year,Nonperforming Loan Proxy,19.109,Nonperforming Loan Proxy,Balance
Commercial Real Estate,2026-03-31,Prior Year,Operating Expense,2.064,Operating Expense,Expense
Commercial Real Estate,2026-03-31,Prior Year,Origination Fee,0.746,Fee / Noninterest Income,Revenue
Commercial Real Estate,2026-03-31,Prior Year,Other Fee Income,0.154,Other Revenue,Revenue
Commercial Real Estate,2026-03-31,Prior Year,Prepayment Fee,0.213,Fee / Noninterest Income,Revenue
Commercial Real Estate,2026-04-30,Actual,Commercial Mortgage Balance,2052.153,Commercial Mortgage Balance,Balance
Commercial Real Estate,2026-04-30,Actual,Credit Provision,0.526,Credit Provision,Credit
Commercial Real Estate,2026-04-30,Actual,Interest Income,6.67,Net Interest Income,Revenue
Commercial Real Estate,2026-04-30,Actual,Loan Servicing Fee,0.357,Fee / Noninterest Income,Revenue
Commercial Real Estate,2026-04-30,Actual,Nonperforming Loan Proxy,21.904,Nonperforming Loan Proxy,Balance
Commercial Real Estate,2026-04-30,Actual,Operating Expense,2.242,Operating Expense,Expense
Commercial Real Estate,2026-04-30,Actual,Origination Fee,0.86,Fee / Noninterest Income,Revenue
Commercial Real Estate,2026-04-30,Actual,Other Fee Income,0.168,Other Revenue,Revenue
Commercial Real Estate,2026-04-30,Actual,Prepayment Fee,0.23,Fee / Noninterest Income,Revenue
Commercial Real Estate,2026-04-30,Budget,Commercial Mortgage Balance,2003.16,Commercial Mortgage Balance,Balance
Commercial Real Estate,2026-04-30,Budget,Credit Provision,0.525,Credit Provision,Credit
Commercial Real Estate,2026-04-30,Budget,Interest Income,6.56,Net Interest Income,Revenue
Commercial Real Estate,2026-04-30,Budget,Loan Servicing Fee,0.35,Fee / Noninterest Income,Revenue
Commercial Real Estate,2026-04-30,Budget,Nonperforming Loan Proxy,21.62,Nonperforming Loan Proxy,Balance
Commercial Real Estate,2026-04-30,Budget,Operating Expense,2.192,Operating Expense,Expense
Commercial Real Estate,2026-04-30,Budget,Origination Fee,0.857,Fee / Noninterest Income,Revenue
Commercial Real Estate,2026-04-30,Budget,Other Fee Income,0.163,Other Revenue,Revenue
Commercial Real Estate,2026-04-30,Budget,Prepayment Fee,0.227,Fee / Noninterest Income,Revenue
Commercial Real Estate,2026-04-30,Forecast,Commercial Mortgage Balance,2030.332,Commercial Mortgage Balance,Balance
Commercial Real Estate,2026-04-30,Forecast,Credit Provision,0.525,Credit Provision,Credit
Commercial Real Estate,2026-04-30,Forecast,Interest Income,6.584,Net Interest Income,Revenue
Commercial Real Estate,2026-04-30,Forecast,Loan Servicing Fee,0.351,Fee / Noninterest Income,Revenue
Commercial Real Estate,2026-04-30,Forecast,Nonperforming Loan Proxy,21.662,Nonperforming Loan Proxy,Balance
Commercial Real Estate,2026-04-30,Forecast,Operating Expense,2.211,Operating Expense,Expense
Commercial Real Estate,2026-04-30,Forecast,Origination Fee,0.86,Fee / Noninterest Income,Revenue
Commercial Real Estate,2026-04-30,Forecast,Other Fee Income,0.168,Other Revenue,Revenue
Commercial Real Estate,2026-04-30,Forecast,Prepayment Fee,0.229,Fee / Noninterest Income,Revenue
Commercial Real Estate,2026-04-30,Prior Year,Commercial Mortgage Balance,1910.346,Commercial Mortgage Balance,Balance
Commercial Real Estate,2026-04-30,Prior Year,Credit Provision,0.486,Credit Provision,Credit
Commercial Real Estate,2026-04-30,Prior Year,Interest Income,6.127,Net Interest Income,Revenue
Commercial Real Estate,2026-04-30,Prior Year,Loan Servicing Fee,0.329,Fee / Noninterest Income,Revenue
Commercial Real Estate,2026-04-30,Prior Year,Nonperforming Loan Proxy,19.86,Nonperforming Loan Proxy,Balance
Commercial Real Estate,2026-04-30,Prior Year,Operating Expense,2.079,Operating Expense,Expense
Commercial Real Estate,2026-04-30,Prior Year,Origination Fee,0.79,Fee / Noninterest Income,Revenue
Commercial Real Estate,2026-04-30,Prior Year,Other Fee Income,0.155,Other Revenue,Revenue
Commercial Real Estate,2026-04-30,Prior Year,Prepayment Fee,0.211,Fee / Noninterest Income,Revenue
Commercial Real Estate,2026-05-31,Actual,Commercial Mortgage Balance,2093.423,Commercial Mortgage Balance,Balance
Commercial Real Estate,2026-05-31,Actual,Credit Provision,0.574,Credit Provision,Credit
Commercial Real Estate,2026-05-31,Actual,Interest Income,6.681,Net Interest Income,Revenue
Commercial Real Estate,2026-05-31,Actual,Loan Servicing Fee,0.355,Fee / Noninterest Income,Revenue
Commercial Real Estate,2026-05-31,Actual,Nonperforming Loan Proxy,22.997,Nonperforming Loan Proxy,Balance
Commercial Real Estate,2026-05-31,Actual,Operating Expense,2.274,Operating Expense,Expense
Commercial Real Estate,2026-05-31,Actual,Origination Fee,0.915,Fee / Noninterest Income,Revenue
Commercial Real Estate,2026-05-31,Actual,Other Fee Income,0.17,Other Revenue,Revenue
Commercial Real Estate,2026-05-31,Actual,Prepayment Fee,0.233,Fee / Noninterest Income,Revenue
Commercial Real Estate,2026-05-31,Budget,Commercial Mortgage Balance,2039.757,Commercial Mortgage Balance,Balance
Commercial Real Estate,2026-05-31,Budget,Credit Provision,0.575,Credit Provision,Credit
Commercial Real Estate,2026-05-31,Budget,Interest Income,6.535,Net Interest Income,Revenue
Commercial Real Estate,2026-05-31,Budget,Loan Servicing Fee,0.35,Fee / Noninterest Income,Revenue
Commercial Real Estate,2026-05-31,Budget,Nonperforming Loan Proxy,22.494,Nonperforming Loan Proxy,Balance
Commercial Real Estate,2026-05-31,Budget,Operating Expense,2.235,Operating Expense,Expense
Commercial Real Estate,2026-05-31,Budget,Origination Fee,0.899,Fee / Noninterest Income,Revenue
Commercial Real Estate,2026-05-31,Budget,Other Fee Income,0.167,Other Revenue,Revenue
Commercial Real Estate,2026-05-31,Budget,Prepayment Fee,0.228,Fee / Noninterest Income,Revenue
Commercial Real Estate,2026-05-31,Forecast,Commercial Mortgage Balance,2064.323,Commercial Mortgage Balance,Balance
Commercial Real Estate,2026-05-31,Forecast,Credit Provision,0.527,Credit Provision,Credit
Commercial Real Estate,2026-05-31,Forecast,Interest Income,6.698,Net Interest Income,Revenue
Commercial Real Estate,2026-05-31,Forecast,Loan Servicing Fee,0.353,Fee / Noninterest Income,Revenue
Commercial Real Estate,2026-05-31,Forecast,Nonperforming Loan Proxy,22.61,Nonperforming Loan Proxy,Balance
Commercial Real Estate,2026-05-31,Forecast,Operating Expense,2.258,Operating Expense,Expense
Commercial Real Estate,2026-05-31,Forecast,Origination Fee,0.904,Fee / Noninterest Income,Revenue
Commercial Real Estate,2026-05-31,Forecast,Other Fee Income,0.167,Other Revenue,Revenue
Commercial Real Estate,2026-05-31,Forecast,Prepayment Fee,0.228,Fee / Noninterest Income,Revenue
Commercial Real Estate,2026-05-31,Prior Year,Commercial Mortgage Balance,1919.587,Commercial Mortgage Balance,Balance
Commercial Real Estate,2026-05-31,Prior Year,Credit Provision,0.536,Credit Provision,Credit
Commercial Real Estate,2026-05-31,Prior Year,Interest Income,6.134,Net Interest Income,Revenue
Commercial Real Estate,2026-05-31,Prior Year,Loan Servicing Fee,0.327,Fee / Noninterest Income,Revenue
Commercial Real Estate,2026-05-31,Prior Year,Nonperforming Loan Proxy,21.173,Nonperforming Loan Proxy,Balance
Commercial Real Estate,2026-05-31,Prior Year,Operating Expense,2.088,Operating Expense,Expense
Commercial Real Estate,2026-05-31,Prior Year,Origination Fee,0.845,Fee / Noninterest Income,Revenue
Commercial Real Estate,2026-05-31,Prior Year,Other Fee Income,0.156,Other Revenue,Revenue
Commercial Real Estate,2026-05-31,Prior Year,Prepayment Fee,0.212,Fee / Noninterest Income,Revenue
Commercial Real Estate,2026-06-30,Actual,Commercial Mortgage Balance,2107.972,Commercial Mortgage Balance,Balance
Commercial Real Estate,2026-06-30,Actual,Credit Provision,0.623,Credit Provision,Credit
Commercial Real Estate,2026-06-30,Actual,Interest Income,6.719,Net Interest Income,Revenue
Commercial Real Estate,2026-06-30,Actual,Loan Servicing Fee,0.352,Fee / Noninterest Income,Revenue
Commercial Real Estate,2026-06-30,Actual,Nonperforming Loan Proxy,23.63,Nonperforming Loan Proxy,Balance
Commercial Real Estate,2026-06-30,Actual,Operating Expense,2.249,Operating Expense,Expense
Commercial Real Estate,2026-06-30,Actual,Origination Fee,0.961,Fee / Noninterest Income,Revenue
Commercial Real Estate,2026-06-30,Actual,Other Fee Income,0.166,Other Revenue,Revenue
Commercial Real Estate,2026-06-30,Actual,Prepayment Fee,0.231,Fee / Noninterest Income,Revenue
Commercial Real Estate,2026-06-30,Budget,Commercial Mortgage Balance,2066.87,Commercial Mortgage Balance,Balance
Commercial Real Estate,2026-06-30,Budget,Credit Provision,0.62,Credit Provision,Credit
Commercial Real Estate,2026-06-30,Budget,Interest Income,6.592,Net Interest Income,Revenue
Commercial Real Estate,2026-06-30,Budget,Loan Servicing Fee,0.352,Fee / Noninterest Income,Revenue
Commercial Real Estate,2026-06-30,Budget,Nonperforming Loan Proxy,23.512,Nonperforming Loan Proxy,Balance
Commercial Real Estate,2026-06-30,Budget,Operating Expense,2.244,Operating Expense,Expense
Commercial Real Estate,2026-06-30,Budget,Origination Fee,0.951,Fee / Noninterest Income,Revenue
Commercial Real Estate,2026-06-30,Budget,Other Fee Income,0.166,Other Revenue,Revenue
Commercial Real Estate,2026-06-30,Budget,Prepayment Fee,0.228,Fee / Noninterest Income,Revenue
Commercial Real Estate,2026-06-30,Forecast,Commercial Mortgage Balance,2100.469,Commercial Mortgage Balance,Balance
Commercial Real Estate,2026-06-30,Forecast,Credit Provision,0.569,Credit Provision,Credit
Commercial Real Estate,2026-06-30,Forecast,Interest Income,6.58,Net Interest Income,Revenue
Commercial Real Estate,2026-06-30,Forecast,Loan Servicing Fee,0.355,Fee / Noninterest Income,Revenue
Commercial Real Estate,2026-06-30,Forecast,Nonperforming Loan Proxy,23.644,Nonperforming Loan Proxy,Balance
Commercial Real Estate,2026-06-30,Forecast,Operating Expense,2.242,Operating Expense,Expense
Commercial Real Estate,2026-06-30,Forecast,Origination Fee,0.971,Fee / Noninterest Income,Revenue
Commercial Real Estate,2026-06-30,Forecast,Other Fee Income,0.165,Other Revenue,Revenue
Commercial Real Estate,2026-06-30,Forecast,Prepayment Fee,0.231,Fee / Noninterest Income,Revenue
Commercial Real Estate,2026-06-30,Prior Year,Commercial Mortgage Balance,1937.514,Commercial Mortgage Balance,Balance
Commercial Real Estate,2026-06-30,Prior Year,Credit Provision,0.572,Credit Provision,Credit
Commercial Real Estate,2026-06-30,Prior Year,Interest Income,6.064,Net Interest Income,Revenue
Commercial Real Estate,2026-06-30,Prior Year,Loan Servicing Fee,0.325,Fee / Noninterest Income,Revenue
Commercial Real Estate,2026-06-30,Prior Year,Nonperforming Loan Proxy,21.945,Nonperforming Loan Proxy,Balance
Commercial Real Estate,2026-06-30,Prior Year,Operating Expense,2.066,Operating Expense,Expense
Commercial Real Estate,2026-06-30,Prior Year,Origination Fee,0.891,Fee / Noninterest Income,Revenue
Commercial Real Estate,2026-06-30,Prior Year,Other Fee Income,0.154,Other Revenue,Revenue
Commercial Real Estate,2026-06-30,Prior Year,Prepayment Fee,0.214,Fee / Noninterest Income,Revenue
